,school,age,family_size,parent_status,mother_education,father_education,guardian,travel_time,study_time,failures,higher,internet_access,family_relationship,free_time,absences,total_grade,idUser
0,1,18,2,2,4,4,1,2,2,0,1,0,4,3,6,5.666666666666667,1
1,1,17,2,1,1,1,2,1,2,0,1,1,5,3,4,5.333333333333333,2
2,1,15,1,1,1,1,1,1,2,3,1,1,4,3,10,8.333333333333334,3
3,1,15,2,1,4,2,1,1,3,0,1,1,3,2,2,14.666666666666666,4
4,1,16,2,1,3,3,2,1,2,0,1,0,4,3,4,8.666666666666666,5
5,1,16,1,1,4,3,1,1,2,0,1,1,5,4,10,15.0,6
6,1,16,1,1,2,2,1,1,2,0,1,1,4,4,0,11.666666666666666,7
7,1,17,2,2,4,4,1,2,2,0,1,0,4,1,6,5.666666666666667,8
8,1,15,1,2,3,2,1,1,2,0,1,1,4,2,0,17.666666666666668,9
9,1,15,2,1,3,4,1,1,2,0,1,1,5,5,0,14.666666666666666,10
10,1,15,2,1,4,4,1,1,2,0,1,1,3,3,0,9.0,11
11,1,15,2,1,2,1,2,3,3,0,1,1,5,2,4,11.333333333333334,12
12,1,15,1,1,4,4,2,1,1,0,1,1,4,3,2,14.0,13
13,1,15,2,1,4,3,1,2,2,0,1,1,5,4,2,10.333333333333334,14
14,1,15,2,2,2,2,3,1,3,0,1,1,4,5,0,15.333333333333334,15
15,1,16,2,1,4,4,1,1,1,0,1,1,4,4,4,14.0,16
16,1,16,2,1,4,4,1,1,3,0,1,1,3,2,6,13.666666666666666,17
17,1,16,2,1,3,3,1,3,2,0,1,0,5,3,4,9.333333333333334,18
18,1,17,2,1,3,2,1,1,1,3,1,1,5,5,16,5.333333333333333,19
19,1,16,1,1,4,3,2,1,1,0,1,1,3,1,4,9.333333333333334,20
20,1,15,2,1,4,3,1,1,2,0,1,1,4,4,0,14.0,21
21,1,15,2,1,4,4,2,1,1,0,1,1,5,4,0,14.0,22
22,1,16,1,1,4,2,1,1,2,0,1,1,4,5,2,15.333333333333334,23
23,1,16,1,1,2,2,1,2,2,0,1,1,5,4,0,12.666666666666666,24
24,1,15,2,1,2,4,1,1,3,0,1,1,4,3,2,9.0,25
25,1,16,2,1,2,2,1,1,1,2,1,1,1,2,14,7.666666666666667,26
26,1,15,2,1,2,2,1,1,1,0,1,1,4,2,2,11.666666666666666,27
27,1,15,2,1,4,2,1,1,1,0,1,1,2,2,4,15.333333333333334,28
28,1,16,1,2,3,4,1,1,2,0,1,1,5,3,4,11.0,29
29,1,16,2,1,4,4,1,1,2,0,1,1,4,4,16,11.0,30
30,1,15,2,1,4,4,1,1,2,0,1,1,5,4,0,10.666666666666666,31
31,1,15,2,1,4,4,1,2,2,0,1,1,4,3,0,16.666666666666668,32
32,1,15,2,1,4,3,1,1,2,0,1,1,4,5,0,16.333333333333332,33
33,1,15,1,1,3,3,1,1,2,0,1,1,5,3,0,10.0,34
34,1,16,2,1,3,2,1,1,1,0,1,1,5,4,0,13.666666666666666,35
35,1,15,2,1,2,3,2,2,1,0,1,0,3,5,0,7.0,36
36,1,15,1,1,4,3,1,1,3,0,1,1,5,4,2,16.333333333333332,37
37,1,16,2,2,4,4,1,2,3,0,1,1,2,4,7,15.333333333333334,38
38,1,15,2,1,3,4,1,1,3,0,1,1,4,3,2,11.666666666666666,39
39,1,15,2,1,2,2,1,1,1,0,1,0,4,3,8,13.333333333333334,40
40,1,16,1,1,2,2,1,2,2,1,1,1,3,3,25,9.333333333333334,41
41,1,15,1,1,4,4,3,1,1,0,1,1,5,4,8,12.0,42
42,1,15,2,1,4,4,2,1,2,0,1,1,4,3,2,18.333333333333332,43
43,1,15,2,1,2,2,2,1,1,0,1,1,5,4,0,9.0,44
44,1,16,1,1,2,2,2,2,2,1,1,1,4,3,14,9.666666666666666,45
45,1,15,1,2,4,3,1,1,2,0,1,1,5,2,8,7.333333333333333,46
46,1,16,1,2,3,3,1,1,2,0,1,1,2,3,12,11.333333333333334,47
47,1,16,2,1,4,3,1,1,4,0,1,1,4,2,4,19.333333333333332,48
48,1,15,2,1,4,2,1,1,2,0,1,0,4,3,2,14.666666666666666,49
49,1,15,2,1,4,4,2,1,2,1,1,1,4,4,2,7.0,50
50,1,16,1,1,2,2,1,3,2,0,1,1,4,3,2,12.666666666666666,51
51,1,15,1,1,4,2,1,1,2,0,1,1,4,3,2,12.333333333333334,52
52,1,15,1,2,4,2,2,2,1,1,1,0,5,5,6,10.666666666666666,53
53,1,15,2,1,4,4,1,1,1,0,1,1,3,3,0,9.666666666666666,54
54,1,15,1,2,3,3,1,1,1,0,1,1,5,3,6,12.0,55
55,1,16,2,2,2,1,1,1,2,0,1,1,5,3,8,9.0,56
56,1,15,2,2,4,3,1,1,2,0,1,1,4,3,0,14.666666666666666,57
57,1,15,2,1,4,4,1,1,2,0,1,0,3,2,4,14.666666666666666,58
58,1,15,1,1,1,2,2,1,2,0,1,1,4,3,2,9.333333333333334,59
59,1,16,2,1,4,2,1,1,2,0,1,1,4,2,2,15.666666666666666,60
60,1,16,2,1,4,4,1,1,2,0,1,0,2,4,6,10.666666666666666,61
61,1,16,2,1,1,1,2,4,1,0,1,1,5,5,6,9.666666666666666,62
62,1,16,1,1,1,2,2,1,2,0,1,1,4,4,4,9.0,63
63,1,16,2,1,4,3,1,1,3,0,1,1,3,4,2,9.333333333333334,64
64,1,15,1,1,4,3,2,1,2,0,1,1,4,4,0,10.0,65
65,1,16,1,1,4,3,1,3,2,0,1,1,5,4,2,15.333333333333334,66
66,1,15,2,2,4,4,1,1,4,0,1,1,1,3,4,12.666666666666666,67
67,1,16,2,1,3,1,1,1,4,0,1,1,4,3,4,6.666666666666667,68
68,1,15,1,1,2,2,1,2,2,0,1,1,4,1,2,8.333333333333334,69
69,1,15,1,1,3,1,2,2,4,0,1,1,4,4,12,16.0,70
70,1,16,2,1,3,1,2,2,4,0,1,1,4,3,0,14.333333333333334,71
71,1,15,2,1,4,2,1,1,4,0,1,1,3,3,0,10.0,72
72,1,15,2,1,1,1,1,1,2,2,1,1,3,3,2,6.333333333333333,73
73,1,16,2,1,3,1,1,1,1,0,1,0,5,3,2,12.666666666666666,74
74,1,16,2,1,3,3,1,1,2,0,1,1,4,3,54,11.333333333333334,75
75,1,15,2,1,4,3,1,1,2,0,1,1,4,3,6,9.333333333333334,76
76,1,15,2,1,4,0,1,2,4,0,1,1,3,4,8,10.666666666666666,77
77,1,16,2,1,2,2,1,1,4,0,1,1,5,2,0,11.0,78
78,1,17,2,1,2,1,1,2,1,3,0,1,4,5,2,8.666666666666666,79
79,1,16,2,1,3,4,1,1,2,0,1,1,2,4,12,5.0,80
80,1,15,2,1,2,3,2,1,1,0,1,1,3,2,2,11.333333333333334,81
81,1,15,2,1,2,3,1,1,3,0,1,1,5,3,4,10.666666666666666,82
82,1,15,1,1,3,2,1,1,2,0,1,1,4,4,10,6.333333333333333,83
83,1,15,1,1,2,2,1,2,2,0,1,1,5,3,4,15.0,84
84,1,15,2,1,1,1,2,1,2,0,1,1,4,3,2,9.666666666666666,85
85,1,15,2,1,4,4,2,2,2,2,1,1,4,4,6,8.0,86
86,1,16,1,1,2,2,1,1,2,0,1,0,4,3,4,7.0,87
87,1,15,2,1,4,2,1,1,3,0,1,1,5,3,4,13.666666666666666,88
88,1,16,2,1,2,2,2,2,2,1,1,1,4,4,12,10.333333333333334,89
89,1,16,1,2,4,4,1,1,2,0,1,0,4,1,18,7.0,90
90,1,16,2,1,3,3,1,1,3,0,1,1,4,3,0,7.333333333333333,91
91,1,15,2,1,4,3,1,1,1,0,1,1,4,5,4,17.0,92
92,1,16,1,1,3,1,2,1,2,0,1,0,3,3,4,6.333333333333333,93
93,1,16,2,1,4,2,1,2,2,0,1,1,5,3,0,10.333333333333334,94
94,1,15,1,1,2,2,1,1,4,0,1,1,4,3,6,12.666666666666666,95
95,1,15,2,1,1,1,1,2,4,1,1,1,3,1,2,9.0,96
96,1,16,2,1,4,3,1,2,1,0,1,1,3,3,2,13.666666666666666,97
97,1,16,2,1,2,1,1,1,2,0,1,0,4,3,2,9.0,98
98,1,16,2,1,4,4,1,1,1,0,1,1,5,3,6,13.0,99
99,1,16,2,1,4,3,1,1,3,0,1,1,5,3,0,8.0,100
100,1,16,2,1,4,4,1,1,1,0,1,1,4,5,14,6.333333333333333,101
101,1,16,2,1,4,4,2,1,3,0,1,1,4,4,0,16.666666666666668,102
102,1,15,2,1,4,4,1,1,1,0,1,1,5,3,4,12.333333333333334,103
103,1,15,2,1,3,2,1,2,2,0,1,1,4,3,26,6.333333333333333,104
104,1,15,2,2,3,4,1,1,2,0,1,1,5,4,0,17.333333333333332,105
105,1,15,2,2,3,3,2,1,4,0,1,0,4,3,10,10.666666666666666,106
106,1,15,2,1,2,2,1,1,4,0,1,1,5,1,8,7.666666666666667,107
107,1,16,2,1,3,3,2,1,3,0,1,1,5,3,2,17.333333333333332,108
108,1,15,2,1,4,4,2,4,4,0,1,1,1,3,6,12.0,109
109,1,16,1,1,4,4,1,1,3,0,1,1,5,4,4,15.0,110
110,1,15,1,2,4,4,1,1,1,0,1,1,5,5,6,18.666666666666668,111
111,1,16,2,1,3,3,2,1,3,1,1,1,4,1,0,9.0,112
112,1,16,2,1,2,2,1,1,2,1,1,1,3,1,6,12.0,113
113,1,15,1,1,4,2,1,1,1,0,1,1,3,5,10,18.666666666666668,114
114,1,15,2,1,2,1,1,1,2,0,1,1,5,4,8,9.0,115
115,1,16,2,1,4,4,2,1,2,0,1,1,5,4,2,15.333333333333334,116
116,1,15,2,1,4,4,2,2,2,0,1,0,4,4,2,12.666666666666666,117
117,1,16,2,1,3,3,2,2,1,0,1,1,5,4,0,13.333333333333334,118
118,1,17,2,1,1,3,2,3,2,1,1,1,5,2,20,8.0,119
119,1,15,2,1,3,4,2,1,1,0,1,1,3,4,6,13.333333333333334,120
120,1,15,2,1,1,2,1,1,2,0,1,1,3,2,2,15.333333333333334,121
121,1,15,2,1,2,2,2,1,4,0,1,1,5,5,6,15.0,122
122,1,16,1,1,2,4,2,2,2,0,1,1,4,2,2,13.0,123
123,1,16,2,1,4,4,1,1,1,0,1,1,3,4,18,12.666666666666666,124
124,1,16,2,1,2,2,1,1,2,0,1,1,5,4,0,7.666666666666667,125
125,1,15,2,1,3,4,2,1,1,0,1,1,5,5,0,12.666666666666666,126
126,1,15,1,2,3,4,1,1,2,0,1,1,5,3,0,9.333333333333334,127
127,1,19,2,1,0,1,3,1,2,3,0,0,3,4,2,8.0,128
128,1,18,2,1,2,2,1,1,1,2,1,1,3,3,0,3.6666666666666665,129
129,1,16,2,1,4,4,1,1,1,0,1,1,3,5,8,18.0,130
130,1,15,2,1,3,4,2,2,3,2,1,1,4,2,0,4.0,131
131,1,15,2,1,1,1,1,3,1,0,1,1,4,3,0,2.6666666666666665,132
132,1,17,1,1,2,2,2,1,1,0,1,1,3,4,12,11.666666666666666,133
133,1,16,2,2,3,4,2,1,1,0,1,1,3,2,16,11.333333333333334,134
134,1,15,2,1,3,4,1,4,2,0,1,0,5,3,0,3.0,135
135,1,15,2,1,4,4,1,1,3,0,1,1,4,3,0,3.6666666666666665,136
136,1,17,2,1,3,4,1,3,2,0,1,0,5,4,0,3.3333333333333335,137
137,1,16,2,2,3,3,3,2,1,2,1,1,4,3,0,1.3333333333333333,138
138,1,16,1,1,1,1,1,1,2,1,1,0,4,4,0,12.666666666666666,139
139,1,15,2,1,4,4,1,2,1,0,1,1,4,3,0,15.666666666666666,140
140,1,15,2,1,4,3,2,2,4,0,1,1,2,2,0,5.333333333333333,141
141,1,16,1,1,2,2,2,2,1,2,1,1,2,3,8,9.0,142
142,1,15,2,1,4,4,1,1,3,0,1,1,4,2,2,10.333333333333334,143
143,1,16,1,1,1,1,1,1,1,0,1,1,3,4,2,13.666666666666666,144
144,1,17,2,1,2,1,1,1,1,3,1,1,5,4,0,1.6666666666666667,145
145,1,15,2,1,1,1,2,1,2,0,1,1,4,4,0,10.0,146
146,1,15,2,1,3,2,2,1,2,3,1,1,3,3,0,4.333333333333333,147
147,1,15,2,1,1,2,1,1,2,0,1,1,4,3,2,10.666666666666666,148
148,1,16,2,1,4,4,1,1,1,0,0,1,3,3,0,4.333333333333333,149
149,1,15,1,2,2,1,1,4,1,3,1,1,4,5,0,9.0,150
150,1,18,1,1,1,1,1,1,1,3,0,1,2,3,0,3.6666666666666665,151
151,1,16,1,1,2,1,1,1,1,1,1,0,4,4,6,13.0,152
152,1,15,2,1,3,3,3,2,3,2,1,1,4,2,8,10.0,153
153,1,19,2,1,3,2,1,1,1,3,0,1,4,5,0,1.6666666666666667,154
154,1,17,2,1,4,4,1,1,1,0,1,0,4,2,0,11.333333333333334,155
155,1,15,2,1,2,3,1,1,2,0,1,0,4,4,2,9.0,156
156,1,17,1,1,1,2,1,1,1,0,1,0,2,2,8,13.666666666666666,157
157,1,18,2,1,1,1,1,3,1,3,1,0,5,2,6,9.0,158
158,1,16,2,1,2,2,1,3,1,0,1,0,4,2,2,15.666666666666666,159
159,1,16,2,1,3,3,2,1,2,1,1,1,4,5,4,11.333333333333334,160
160,1,17,1,1,2,1,1,2,1,2,0,1,3,3,0,4.333333333333333,161
161,1,15,2,1,3,2,1,2,2,2,1,1,4,4,6,7.0,162
162,1,16,1,1,1,2,1,2,1,1,1,0,4,4,0,2.3333333333333335,163
163,1,17,2,1,1,3,2,1,1,0,0,1,5,3,2,10.0,164
164,1,17,1,1,1,1,1,4,2,3,0,0,5,3,0,6.666666666666667,165
165,1,16,2,1,3,2,1,2,1,1,0,0,4,5,16,11.666666666666666,166
166,1,16,2,1,2,2,2,1,2,0,0,1,4,3,4,10.0,167
167,1,16,2,1,4,2,2,1,2,0,1,1,4,2,0,15.0,168
168,1,16,2,1,2,2,1,1,2,0,1,1,5,1,0,4.333333333333333,169
169,1,16,2,1,4,4,1,1,2,0,1,1,4,4,0,14.0,170
170,1,16,2,1,3,4,2,3,1,2,1,1,3,4,0,3.6666666666666665,171
171,1,16,2,1,1,0,1,2,2,0,1,1,4,3,2,14.666666666666666,172
172,1,17,1,1,4,4,1,1,2,0,1,1,4,4,0,11.333333333333334,173
173,1,16,2,1,1,3,1,1,2,3,1,1,4,3,0,5.0,174
174,1,16,1,1,3,3,1,2,2,0,1,1,4,4,4,10.0,175
175,1,17,1,1,4,3,1,2,2,0,1,1,4,4,4,9.333333333333334,176
176,1,16,2,1,2,2,1,2,2,0,1,1,3,4,2,12.333333333333334,177
177,1,17,2,1,3,3,2,1,2,0,1,1,4,3,4,5.666666666666667,178
178,1,16,2,1,4,2,1,1,1,0,1,1,4,3,10,9.0,179
179,1,17,2,1,4,3,1,1,2,0,1,1,5,2,4,10.333333333333334,180
180,1,16,2,1,4,3,1,1,2,0,1,1,3,4,10,8.333333333333334,181
181,1,16,2,1,3,3,1,1,2,0,1,1,4,2,2,12.333333333333334,182
182,1,17,2,1,2,4,2,1,2,0,1,0,5,4,0,16.666666666666668,183
183,1,17,1,1,3,3,1,1,2,0,1,1,5,3,56,8.666666666666666,184
184,1,16,2,1,3,2,1,1,2,0,1,1,1,2,14,12.333333333333334,185
185,1,17,2,1,3,3,1,1,2,0,1,1,4,3,12,11.666666666666666,186
186,1,16,2,1,1,2,1,1,1,0,1,1,3,3,2,11.333333333333334,187
187,1,16,1,1,2,1,1,1,2,0,1,1,4,2,0,15.0,188
188,1,17,2,2,3,3,1,1,2,0,1,1,3,3,6,8.0,189
189,1,17,2,1,1,2,1,1,2,0,1,0,3,1,4,9.0,190
190,1,16,2,1,2,3,1,1,2,0,1,1,4,3,10,12.0,191
191,1,17,2,1,1,1,1,1,2,0,1,1,5,3,0,8.333333333333334,192
192,1,17,2,1,1,2,3,2,2,0,1,1,4,4,12,7.666666666666667,193
193,1,16,2,1,3,3,1,1,1,0,1,1,4,3,8,9.0,194
194,1,16,2,1,2,3,2,2,1,0,1,1,5,3,0,13.666666666666666,195
195,1,17,1,1,2,4,2,1,2,0,1,1,4,3,0,14.666666666666666,196
196,1,17,2,1,4,4,1,1,1,0,1,1,5,2,4,16.0,197
197,1,16,1,1,3,3,2,3,1,0,1,1,3,3,8,9.333333333333334,198
198,1,17,2,1,4,4,1,2,1,1,1,1,4,2,24,18.0,199
199,1,16,1,1,4,4,1,1,2,0,1,1,4,5,0,9.333333333333334,200
200,1,16,2,1,4,3,1,1,2,0,1,1,4,3,2,16.0,201
201,1,16,2,1,2,3,1,1,2,0,1,0,4,4,6,9.333333333333334,202
202,1,17,2,1,1,1,1,1,2,0,1,0,4,4,4,9.333333333333334,203
203,1,17,2,1,2,2,1,1,1,0,1,1,5,3,18,6.333333333333333,204
204,1,16,2,1,2,2,1,2,4,0,1,1,5,3,6,10.333333333333334,205
205,1,17,2,1,3,4,1,1,3,1,1,1,4,4,28,9.333333333333334,206
206,1,16,2,2,3,1,1,1,2,3,1,1,2,3,5,7.0,207
207,1,16,2,1,4,3,1,1,2,0,1,1,1,3,10,12.0,208
208,1,16,2,1,1,1,1,2,1,0,1,0,4,3,6,9.333333333333334,209
209,1,17,2,1,4,3,1,2,3,0,1,1,4,4,6,7.0,210
210,1,19,2,1,3,3,3,1,4,0,1,1,4,3,10,8.0,211
211,1,17,1,1,4,4,1,1,2,0,1,1,5,3,13,12.333333333333334,212
212,1,16,2,2,2,2,1,1,2,0,1,1,3,3,0,13.0,213
213,1,18,2,1,2,2,1,1,2,1,1,1,4,4,15,7.0,214
214,1,17,1,1,4,4,1,1,1,0,1,0,5,2,12,9.333333333333334,215
215,1,17,1,1,3,2,1,2,2,0,1,1,4,4,2,14.666666666666666,216
216,1,17,2,1,4,3,1,1,2,2,1,1,3,4,22,5.333333333333333,217
217,1,18,1,1,3,3,2,1,2,1,1,1,3,2,13,6.666666666666667,218
218,1,17,2,1,2,3,2,2,1,0,1,0,3,3,3,7.333333333333333,219
219,1,17,2,1,2,2,1,1,3,0,1,1,4,3,4,9.666666666666666,220
220,1,17,2,1,2,1,1,2,2,0,1,1,4,2,2,6.0,221
221,1,17,2,1,1,1,1,1,3,1,1,0,4,3,0,3.6666666666666665,222
222,1,16,2,1,2,3,1,1,2,0,1,1,2,3,2,16.333333333333332,223
223,1,18,2,1,2,2,1,2,2,0,1,1,3,3,0,12.666666666666666,224
224,1,16,2,1,4,4,1,1,3,0,1,1,5,3,0,13.333333333333334,225
225,1,18,2,1,3,1,1,1,2,1,1,1,5,3,16,8.0,226
226,1,17,2,1,3,2,1,1,2,0,1,1,5,3,10,15.333333333333334,227
227,1,17,1,1,2,3,2,1,2,0,1,1,5,3,2,11.666666666666666,228
228,1,18,1,1,2,1,1,4,2,0,1,1,4,3,14,9.0,229
229,1,17,2,2,2,1,1,2,3,0,1,1,3,2,10,11.333333333333334,230
230,1,17,1,1,4,3,2,1,2,0,1,1,3,2,14,13.333333333333334,231
231,1,17,2,1,2,2,2,2,2,0,1,1,4,5,4,11.0,232
232,1,17,2,1,4,4,1,1,2,0,1,1,4,5,14,9.666666666666666,233
233,1,16,2,1,4,4,2,1,2,0,1,1,4,2,2,13.333333333333334,234
234,1,16,1,1,1,1,1,2,2,0,1,1,3,4,18,7.333333333333333,235
235,1,16,2,1,3,2,1,2,3,0,1,1,5,3,10,10.0,236
236,1,17,1,1,2,2,2,1,2,0,1,1,4,4,4,13.333333333333334,237
237,1,16,2,1,2,1,1,1,1,0,1,1,4,5,20,12.333333333333334,238
238,1,17,2,1,2,1,1,3,2,0,1,0,2,1,2,11.666666666666666,239
239,1,18,2,1,2,2,2,1,2,1,0,1,5,5,0,4.666666666666667,240
240,1,17,1,1,4,3,1,2,2,0,1,1,2,5,14,12.0,241
241,1,17,1,2,4,4,1,2,2,0,1,1,3,3,2,11.0,242
242,1,16,1,1,4,3,1,1,1,0,1,1,5,4,0,2.0,243
243,1,16,2,1,4,4,1,1,1,0,1,1,5,3,0,12.333333333333334,244
244,1,18,2,1,2,1,3,2,3,0,1,1,4,4,0,2.3333333333333335,245
245,1,16,2,1,2,1,1,3,1,0,1,1,4,3,6,18.0,246
246,1,17,2,1,2,3,2,2,1,0,1,1,5,2,4,12.333333333333334,247
247,1,22,2,1,3,1,1,1,1,3,0,1,5,4,16,7.333333333333333,248
248,1,18,1,1,3,3,1,1,2,1,1,1,4,3,8,4.333333333333333,249
249,1,16,2,1,0,2,1,1,1,0,1,1,4,3,0,14.333333333333334,250
250,1,18,2,1,3,2,1,2,1,1,0,1,4,4,0,7.333333333333333,251
251,1,16,2,1,3,3,3,3,2,0,1,1,5,3,6,9.0,252
252,1,18,2,1,2,1,1,1,1,1,0,1,3,2,4,7.666666666666667,253
253,1,16,2,1,2,1,1,2,1,0,1,0,3,3,0,8.333333333333334,254
254,1,17,2,1,2,1,1,1,1,0,1,1,4,4,0,10.666666666666666,255
255,1,17,1,1,1,1,1,2,1,1,1,1,4,4,2,8.0,256
256,1,17,1,1,4,2,1,1,4,0,1,1,4,2,6,13.0,257
257,1,19,1,2,4,3,1,1,2,0,1,1,4,3,12,11.0,258
258,1,18,2,1,2,1,1,1,2,0,1,1,5,2,8,14.333333333333334,259
259,1,17,1,1,2,2,2,1,4,0,1,1,3,4,0,6.333333333333333,260
260,1,18,2,1,4,3,2,1,2,0,1,1,3,1,21,17.666666666666668,261
261,1,18,2,1,4,3,1,1,2,0,1,1,4,3,2,8.0,262
262,1,18,2,1,3,2,1,1,3,0,1,0,5,3,1,12.333333333333334,263
263,1,17,2,1,3,3,1,1,3,0,1,0,3,2,4,9.333333333333334,264
264,1,18,2,1,2,2,1,1,3,0,1,1,4,3,0,6.333333333333333,265
265,1,18,1,2,3,4,1,2,2,0,1,1,4,2,13,17.0,266
266,1,17,2,1,3,1,1,1,2,0,1,1,5,4,2,9.333333333333334,267
267,1,18,2,1,4,4,1,2,2,0,1,1,4,3,8,11.0,268
268,1,18,2,1,4,2,2,1,2,0,1,1,5,4,10,9.666666666666666,269
269,1,18,2,1,2,1,1,2,2,0,0,1,4,3,0,2.0,270
270,1,19,2,1,3,3,3,1,2,2,1,1,4,3,15,9.0,271
271,1,18,2,1,2,3,2,1,4,0,1,1,4,5,4,14.333333333333334,272
272,1,18,1,1,1,1,1,2,2,0,1,0,4,4,2,11.0,273
273,1,17,2,1,1,2,1,1,2,0,1,0,3,5,2,14.333333333333334,274
274,1,17,2,1,2,4,1,2,2,0,1,1,4,3,2,10.0,275
275,1,17,1,1,2,2,1,2,2,0,1,1,4,4,6,12.0,276
276,1,18,2,2,3,2,1,2,2,0,0,1,4,1,75,9.333333333333334,277
277,1,18,2,1,4,4,1,2,1,0,1,1,3,2,22,9.0,278
278,1,18,2,1,4,4,2,1,2,1,1,1,2,4,15,8.333333333333334,279
279,1,18,1,1,4,3,1,2,1,0,1,1,4,2,8,10.333333333333334,280
280,1,17,1,2,4,1,1,2,1,0,1,1,4,5,30,8.0,281
281,1,17,1,2,3,2,1,1,1,1,1,1,4,4,19,10.0,282
282,1,18,1,1,1,1,1,2,4,0,1,0,5,2,1,12.0,283
283,1,18,2,1,1,1,1,2,2,0,1,1,5,4,4,9.0,284
284,1,17,2,1,2,2,1,1,2,0,1,1,5,4,4,10.0,285
285,1,17,2,1,1,1,2,1,2,0,1,1,4,3,2,11.0,286
286,1,18,2,1,2,2,1,1,3,0,1,1,4,3,5,18.333333333333332,287
287,1,17,2,1,1,1,1,1,3,0,1,1,4,3,6,12.333333333333334,288
288,1,18,2,1,2,1,1,1,3,0,1,1,4,2,6,14.333333333333334,289
289,1,18,1,2,4,4,1,1,2,0,1,1,5,4,9,14.333333333333334,290
290,1,18,2,1,4,2,1,1,2,0,1,1,4,3,11,11.333333333333334,291
291,1,17,2,1,4,3,1,1,3,0,1,1,4,2,0,15.0,292
292,1,18,1,1,2,1,1,1,2,1,1,1,5,4,12,12.333333333333334,293
293,1,17,1,1,3,1,1,2,4,0,1,0,3,1,6,18.0,294
294,1,18,1,1,3,2,1,2,3,0,1,1,5,4,8,13.666666666666666,295
295,1,17,2,1,3,3,1,1,1,0,1,1,4,4,4,12.333333333333334,296
296,1,19,2,1,4,4,3,2,2,0,1,1,2,3,0,6.333333333333333,297
297,1,18,1,1,4,3,3,2,2,0,1,1,4,4,10,8.666666666666666,298
298,1,18,2,1,4,3,2,1,4,0,1,1,4,3,0,13.666666666666666,299
299,1,18,1,1,4,4,1,1,1,0,1,1,1,4,5,15.666666666666666,300
300,1,18,1,2,4,4,1,1,2,0,1,1,4,2,14,11.0,301
301,1,17,1,1,4,4,2,2,1,0,1,1,4,1,0,10.666666666666666,302
302,1,17,2,1,4,2,1,2,3,0,1,1,4,3,0,13.666666666666666,303
303,1,17,2,1,3,2,2,1,4,0,1,1,5,2,0,17.333333333333332,304
304,1,19,2,1,3,3,3,1,2,1,1,1,4,4,20,14.0,305
305,1,18,2,1,2,4,3,1,2,1,1,1,4,4,8,12.666666666666666,306
306,1,20,2,2,3,2,3,1,1,0,1,0,5,5,0,17.666666666666668,307
307,1,19,2,1,4,4,3,2,1,1,1,1,4,3,38,8.333333333333334,308
308,1,19,2,1,3,3,2,1,2,1,1,0,4,5,0,13.0,309
309,1,19,1,1,1,1,3,1,2,1,1,1,4,4,18,10.666666666666666,310
310,1,19,1,1,1,2,3,1,2,1,1,0,4,2,0,6.0,311
311,1,19,2,1,2,1,3,3,2,0,0,1,3,4,20,13.0,312
312,1,19,2,1,1,2,3,1,2,1,1,1,4,5,3,11.666666666666666,313
313,1,19,1,1,3,2,3,2,2,1,1,1,4,2,22,11.333333333333334,314
314,1,19,2,1,1,1,3,1,3,2,1,1,4,1,14,13.666666666666666,315
315,1,19,2,1,2,3,3,1,3,1,1,1,4,1,40,11.666666666666666,316
316,1,18,2,1,2,1,1,2,2,0,1,1,5,3,0,5.333333333333333,317
317,1,18,2,1,4,3,1,1,3,0,1,1,4,3,9,9.333333333333334,318
318,1,17,2,1,3,4,2,1,3,0,1,1,4,3,0,10.666666666666666,319
319,1,18,2,1,4,4,1,1,2,0,1,1,4,4,2,11.0,320
320,1,17,2,2,4,3,1,1,2,0,1,1,5,2,23,13.0,321
321,1,17,2,1,2,2,1,1,2,0,1,0,4,2,12,9.666666666666666,322
322,1,17,1,1,2,2,1,1,3,0,1,1,3,3,3,11.0,323
323,1,17,2,1,3,1,2,1,3,0,1,1,3,4,1,13.666666666666666,324
324,1,17,1,1,0,2,2,2,3,0,1,1,3,3,0,15.333333333333334,325
325,1,18,2,1,4,4,1,1,3,0,1,1,4,3,3,10.666666666666666,326
326,1,17,2,1,3,3,1,1,1,0,1,1,4,3,3,15.0,327
327,1,17,2,1,2,2,1,4,1,0,1,1,4,4,8,10.333333333333334,328
328,1,17,2,1,4,4,1,1,3,0,1,1,5,4,7,9.333333333333334,329
329,1,17,2,1,4,4,1,2,3,0,1,1,4,3,4,14.0,330
330,1,18,1,1,2,2,1,1,4,0,1,1,4,5,2,8.333333333333334,331
331,1,17,2,1,2,4,2,1,3,0,1,1,4,4,7,13.333333333333334,332
332,1,18,2,1,3,3,1,1,2,0,1,1,5,3,0,2.3333333333333335,333
333,1,18,1,1,2,2,3,1,2,0,1,1,4,3,0,5.333333333333333,334
334,1,18,2,1,2,2,1,2,4,0,1,0,4,4,0,6.333333333333333,335
335,1,17,2,1,3,4,1,1,3,0,1,1,4,4,16,15.333333333333334,336
336,1,19,2,2,3,1,3,1,3,1,1,0,5,4,12,13.333333333333334,337
337,1,17,2,1,3,2,1,1,2,0,1,1,4,3,0,5.0,338
338,1,18,1,1,3,3,1,1,4,0,1,1,5,3,7,16.0,339
339,1,17,2,2,3,2,1,1,2,0,1,1,4,3,4,9.666666666666666,340
340,1,19,2,1,2,1,3,1,3,1,1,1,4,3,4,11.333333333333334,341
341,1,18,2,1,4,4,2,1,2,1,1,1,4,3,0,6.666666666666667,342
342,1,18,1,1,3,4,1,1,2,0,1,1,4,3,11,15.333333333333334,343
343,1,17,2,2,2,2,2,1,2,1,1,1,3,3,0,5.666666666666667,344
344,1,18,2,1,2,3,1,1,3,0,1,1,4,3,4,10.333333333333334,345
345,1,18,2,1,3,2,1,1,3,0,1,1,5,4,7,13.333333333333334,346
346,1,18,2,1,4,3,1,1,3,0,1,1,5,3,9,15.666666666666666,347
347,1,18,2,1,4,3,1,1,3,0,1,1,5,4,0,9.666666666666666,348
348,1,17,2,1,4,3,1,1,3,0,1,1,4,4,0,14.333333333333334,349
349,2,18,2,1,3,2,1,2,1,1,1,1,2,5,10,12.333333333333334,350
350,2,19,2,1,1,1,3,3,2,3,1,1,5,4,8,7.666666666666667,351
351,2,17,2,1,3,3,1,2,2,0,1,1,4,5,2,13.0,352
352,2,18,1,1,1,3,1,1,1,1,0,1,4,3,7,7.666666666666667,353
353,2,19,2,1,1,1,3,3,1,1,1,1,4,4,4,8.0,354
354,2,17,2,1,4,3,1,2,2,0,1,1,4,5,4,11.666666666666666,355
355,2,18,2,1,3,3,2,1,2,0,1,0,5,3,0,9.333333333333334,356
356,2,17,2,1,4,4,2,2,2,0,1,1,4,3,4,12.666666666666666,357
357,2,17,1,2,3,2,1,2,2,0,1,0,1,2,2,11.666666666666666,358
358,2,18,1,1,1,1,2,2,1,0,1,1,3,3,4,10.0,359
359,2,18,1,1,1,1,2,2,3,0,1,1,5,3,0,16.666666666666668,360
360,2,18,1,2,1,4,1,3,2,0,1,0,4,3,0,13.0,361
361,2,18,1,1,1,1,1,2,2,1,0,0,4,4,2,12.333333333333334,362
362,2,18,2,1,3,3,1,2,2,0,1,1,4,3,0,10.666666666666666,363
363,2,17,1,1,4,4,1,1,2,0,1,1,2,3,0,15.333333333333334,364
364,2,17,2,1,1,2,2,2,2,0,1,0,3,2,0,11.666666666666666,365
365,2,18,2,1,1,3,1,2,2,0,1,0,3,3,4,10.0,366
366,2,18,1,1,4,4,1,2,3,0,1,1,4,2,0,13.0,367
367,2,17,2,1,1,1,1,3,1,1,1,1,5,2,0,4.333333333333333,368
368,2,18,2,1,2,3,2,2,1,0,1,1,5,2,0,10.333333333333334,369
369,2,18,2,1,4,4,2,3,2,0,1,1,3,2,10,12.333333333333334,370
370,2,19,1,1,3,2,3,2,2,2,1,0,3,2,4,7.666666666666667,371
371,2,18,1,1,1,2,2,3,1,0,0,1,4,3,3,12.666666666666666,372
372,2,17,2,1,2,2,1,1,3,0,1,0,3,4,8,11.666666666666666,373
373,2,17,2,1,1,2,1,1,1,0,1,1,3,5,14,5.333333333333333,374
374,2,18,1,1,4,4,1,2,3,0,1,1,5,4,0,18.666666666666668,375
375,2,18,2,1,1,1,1,4,3,0,1,1,4,3,2,8.666666666666666,376
376,2,20,2,1,4,2,3,2,3,2,1,1,5,4,4,14.666666666666666,377
377,2,18,1,1,4,4,1,1,2,0,1,1,5,4,4,9.0,378
378,2,18,2,1,3,3,1,1,2,0,1,1,4,1,0,15.0,379
379,2,17,2,1,3,1,1,1,2,0,1,1,4,5,17,10.0,380
380,2,18,2,1,4,4,2,1,2,0,1,1,3,2,4,14.333333333333334,381
381,2,18,2,1,2,1,1,2,1,0,1,1,4,4,5,6.666666666666667,382
382,2,17,2,1,2,3,2,2,2,0,1,1,4,4,2,10.666666666666666,383
383,2,19,2,1,1,1,1,2,1,1,1,0,4,3,0,3.6666666666666665,384
384,2,18,2,1,4,2,2,2,1,1,1,0,5,4,14,5.333333333333333,385
385,2,18,2,1,2,2,1,2,3,0,1,0,5,3,2,9.666666666666666,386
386,2,18,2,1,4,4,1,3,1,0,1,1,4,4,7,5.666666666666667,387
387,2,19,2,1,2,3,1,1,3,1,1,1,5,4,0,4.0,388
388,2,18,1,1,3,1,1,1,2,0,1,1,4,3,0,8.0,389
389,2,18,2,1,1,1,1,2,2,1,1,0,1,1,0,3.6666666666666665,390
390,2,20,1,2,2,2,3,1,2,2,1,0,5,5,11,9.0,391
391,2,17,1,1,3,1,1,2,1,0,1,1,2,4,3,15.333333333333334,392
392,2,21,2,1,1,1,3,1,1,3,1,0,5,5,3,8.333333333333334,393
393,2,18,1,1,3,2,1,3,1,0,1,1,4,4,0,11.0,394
394,2,19,1,1,1,1,2,1,1,0,1,1,3,2,5,8.666666666666666,395
0,1,18,2,2,4,4,1,2,2,0,1,0,4,3,4,7.333333333333333,1
1,1,17,2,1,1,1,2,1,2,0,1,1,5,3,2,10.333333333333334,2
2,1,15,1,1,1,1,1,1,2,0,1,1,4,3,6,12.333333333333334,3
3,1,15,2,1,4,2,1,1,3,0,1,1,3,2,0,14.0,4
4,1,16,2,1,3,3,2,1,2,0,1,0,4,3,0,12.333333333333334,5
5,1,16,1,1,4,3,1,1,2,0,1,1,5,4,6,12.333333333333334,6
6,1,16,1,1,2,2,1,1,2,0,1,1,4,4,0,12.666666666666666,7
7,1,17,2,2,4,4,1,2,2,0,1,0,4,1,2,12.0,8
8,1,15,1,2,3,2,1,1,2,0,1,1,4,2,0,16.0,9
9,1,15,2,1,3,4,1,1,2,0,1,1,5,5,0,12.333333333333334,10
10,1,15,2,1,4,4,1,1,2,0,1,1,3,3,2,14.0,11
11,1,15,2,1,2,1,2,3,3,0,1,1,5,2,0,11.666666666666666,12
12,1,15,1,1,4,4,2,1,1,0,1,1,4,3,0,12.333333333333334,13
13,1,15,2,1,4,3,1,2,2,0,1,1,5,4,0,12.333333333333334,14
14,1,15,2,2,2,2,3,1,3,0,1,1,4,5,0,14.333333333333334,15
15,1,16,2,1,4,4,1,1,1,0,1,1,4,4,6,17.0,16
16,1,16,2,1,4,4,1,1,3,0,1,1,3,2,10,13.333333333333334,17
17,1,16,2,1,3,3,1,3,2,0,1,0,5,3,2,13.666666666666666,18
18,1,17,2,1,3,2,1,1,1,3,1,1,5,5,2,7.666666666666667,19
19,1,16,1,1,4,3,2,1,1,0,1,1,3,1,6,12.0,20
20,1,15,2,1,4,3,1,1,2,0,1,1,4,4,0,13.0,21
21,1,15,2,1,4,4,2,1,1,0,1,1,5,4,0,11.666666666666666,22
22,1,16,1,1,4,2,1,1,2,0,1,1,4,5,0,13.0,23
23,1,16,1,1,2,2,1,2,2,0,1,1,5,4,2,10.0,24
24,1,15,2,1,2,4,1,1,3,0,1,1,4,3,2,10.333333333333334,25
25,1,16,2,1,2,2,1,1,1,0,1,1,1,2,6,11.0,26
26,1,15,2,1,2,2,1,1,1,0,1,1,4,2,8,11.666666666666666,27
27,1,15,2,1,4,2,1,1,1,0,1,1,2,2,0,11.0,28
28,1,16,1,2,3,4,1,1,2,0,1,1,5,3,2,12.333333333333334,29
29,1,16,2,1,4,4,1,1,2,0,1,1,4,4,4,11.666666666666666,30
30,1,15,2,1,4,4,1,1,2,0,1,1,5,4,0,10.666666666666666,31
31,1,15,2,1,4,4,1,2,2,0,1,1,4,3,2,15.0,32
32,1,15,2,1,4,3,1,1,2,0,1,1,4,5,0,14.0,33
33,1,15,1,1,3,3,1,1,2,0,1,1,5,3,0,12.333333333333334,34
34,1,16,2,1,3,2,1,1,1,0,1,1,5,4,4,12.0,35
35,1,15,2,1,2,3,2,2,1,0,1,0,3,5,4,11.0,36
36,1,15,1,1,4,3,1,1,3,0,1,1,5,4,0,14.0,37
37,1,16,2,2,4,4,1,2,3,0,1,1,2,4,4,13.0,38
38,1,15,2,1,3,4,1,1,3,0,1,1,4,3,2,11.666666666666666,39
39,1,15,2,1,2,2,1,1,1,0,1,0,4,3,8,13.0,40
40,1,16,1,1,2,2,1,2,2,0,1,1,3,3,16,10.666666666666666,41
41,1,15,1,1,4,4,3,1,1,0,1,1,5,4,8,10.666666666666666,42
42,1,15,2,1,4,4,2,1,2,0,1,1,4,3,0,14.666666666666666,43
43,1,15,2,1,2,2,2,1,1,0,1,1,5,4,0,9.666666666666666,44
44,1,16,1,1,2,2,2,2,2,1,1,1,4,3,14,10.666666666666666,45
45,1,15,1,2,4,3,1,1,2,0,1,1,5,2,4,10.666666666666666,46
46,1,16,1,2,3,3,1,1,2,0,1,1,2,3,6,12.666666666666666,47
47,1,16,2,1,4,3,1,1,4,0,1,1,4,2,2,17.0,48
48,1,15,2,1,4,2,1,1,2,0,1,0,4,3,4,12.0,49
49,1,15,2,1,4,4,2,1,2,0,1,1,4,4,2,12.333333333333334,50
50,1,16,1,1,2,2,1,3,2,0,1,1,4,3,0,13.333333333333334,51
51,1,15,1,1,4,2,1,1,2,0,1,1,4,3,0,15.333333333333334,52
52,1,15,1,2,4,2,2,2,1,0,1,0,5,5,4,9.333333333333334,53
53,1,15,2,1,4,4,1,1,1,0,1,1,3,3,0,12.333333333333334,54
54,1,15,1,2,3,3,1,1,1,0,1,1,5,3,0,12.666666666666666,55
55,1,16,2,2,2,1,1,1,2,0,1,1,5,3,2,12.333333333333334,56
56,1,15,2,2,4,3,1,1,2,0,1,1,4,3,0,14.666666666666666,57
57,1,15,2,1,4,4,1,1,2,0,1,0,3,2,8,15.333333333333334,58
58,1,15,1,1,1,2,2,1,2,0,1,1,4,3,0,13.666666666666666,59
59,1,16,2,1,4,2,1,1,2,0,1,1,4,2,2,15.666666666666666,60
60,1,16,2,1,4,4,1,1,2,0,1,0,2,4,0,16.333333333333332,61
61,1,16,2,1,1,1,2,4,1,0,1,1,5,5,0,12.0,62
62,1,16,1,1,1,2,2,1,2,0,1,1,4,4,0,12.0,63
63,1,16,2,1,4,3,1,1,3,0,1,1,3,4,0,13.333333333333334,64
64,1,15,1,1,4,3,2,1,2,0,1,1,4,4,0,12.333333333333334,65
65,1,16,1,1,4,3,1,3,2,0,1,1,5,4,2,15.666666666666666,66
66,1,15,2,2,4,4,1,1,4,0,1,1,1,3,0,11.666666666666666,67
67,1,16,2,1,3,1,1,1,4,0,1,1,4,3,0,9.666666666666666,68
68,1,15,1,1,2,2,1,2,2,0,1,1,4,1,0,10.666666666666666,69
69,1,15,1,1,3,1,2,2,4,0,1,1,4,4,6,15.0,70
70,1,16,2,1,3,1,2,2,4,0,1,1,4,3,2,11.666666666666666,71
71,1,15,2,1,4,2,1,1,4,0,1,1,3,3,0,10.0,72
72,1,15,2,1,1,1,1,1,2,0,1,1,3,3,2,11.666666666666666,73
73,1,16,2,1,3,1,1,1,1,0,1,0,5,3,0,13.333333333333334,74
74,1,16,2,1,3,3,1,1,2,0,1,1,4,3,4,11.0,75
75,1,15,2,1,4,3,1,1,2,0,1,1,4,3,0,11.0,76
76,1,15,2,1,4,0,1,2,4,0,1,1,3,4,0,11.333333333333334,77
77,1,16,2,1,2,2,1,1,4,0,1,1,5,2,1,13.0,78
78,1,17,2,1,2,1,1,2,1,3,0,1,4,5,0,9.333333333333334,79
79,1,16,2,1,3,4,1,1,2,0,1,1,2,4,14,11.333333333333334,80
80,1,15,2,1,2,3,2,1,1,0,1,1,3,2,0,11.333333333333334,81
81,1,15,2,1,2,3,1,1,3,0,1,1,5,3,2,9.333333333333334,82
82,1,15,1,1,3,2,1,1,2,0,1,1,4,4,4,11.333333333333334,83
83,1,15,1,1,2,2,1,2,2,0,1,1,5,3,2,12.666666666666666,84
84,1,15,2,1,1,1,2,1,2,0,1,1,4,3,2,12.333333333333334,85
85,1,15,2,1,4,4,2,2,2,0,1,1,4,4,4,11.666666666666666,86
86,1,16,1,1,2,2,1,1,2,0,1,0,4,3,6,11.666666666666666,87
87,1,15,2,1,4,2,1,1,3,0,1,1,5,3,4,15.0,88
88,1,16,2,1,2,2,2,2,2,0,1,1,4,4,6,11.0,89
89,1,16,1,2,4,4,1,1,2,0,1,0,4,1,6,9.333333333333334,90
90,1,16,2,1,3,3,1,1,3,0,1,1,4,3,2,10.333333333333334,91
91,1,15,2,1,4,3,1,1,1,0,1,1,4,5,6,13.333333333333334,92
92,1,16,1,1,3,1,2,1,2,0,1,0,3,3,0,12.333333333333334,93
93,1,16,2,1,4,2,1,2,2,0,1,1,5,3,2,13.666666666666666,94
94,1,15,1,1,2,2,1,1,4,0,1,1,4,3,2,11.666666666666666,95
95,1,15,2,1,1,1,1,2,4,0,1,1,3,1,4,13.0,96
96,1,16,2,1,4,3,1,2,1,0,1,1,3,3,6,10.333333333333334,97
97,1,16,2,1,2,1,1,1,2,0,1,0,4,3,0,12.333333333333334,98
98,1,16,2,1,4,4,1,1,1,0,1,1,5,3,4,12.666666666666666,99
99,1,16,2,1,4,3,1,1,3,0,1,1,5,3,2,12.666666666666666,100
100,1,16,2,1,4,4,1,1,1,0,1,1,4,5,12,8.666666666666666,101
101,1,16,2,1,4,4,2,1,3,0,1,1,4,4,0,16.0,102
102,1,15,2,1,4,4,1,1,1,0,1,1,5,3,2,12.333333333333334,103
103,1,15,2,1,3,2,1,2,2,0,1,1,4,3,16,10.333333333333334,104
104,1,15,2,2,3,4,1,1,2,0,1,1,5,4,0,16.0,105
105,1,15,2,2,3,3,2,1,4,0,1,0,4,3,10,10.0,106
106,1,15,2,1,2,2,1,1,4,0,1,1,5,1,4,10.0,107
107,1,16,2,1,3,3,2,1,3,0,1,1,5,3,4,13.666666666666666,108
108,1,15,2,1,4,4,2,4,4,0,1,1,1,3,8,11.0,109
109,1,16,1,1,4,4,1,1,3,0,1,1,5,4,2,14.666666666666666,110
110,1,15,1,2,4,4,1,1,1,0,1,1,5,5,4,13.666666666666666,111
111,1,16,2,1,3,3,2,1,3,0,1,1,4,1,4,11.0,112
112,1,16,2,1,2,2,1,1,2,1,1,1,3,1,12,9.333333333333334,113
113,1,15,1,1,4,2,1,1,1,0,1,1,3,5,10,17.666666666666668,114
114,1,15,2,1,2,1,1,1,2,0,1,1,5,4,4,9.666666666666666,115
115,1,16,2,1,4,4,2,1,2,0,1,1,5,4,6,14.666666666666666,116
116,1,15,2,1,4,4,2,2,2,0,1,0,4,4,4,15.666666666666666,117
117,1,16,2,1,3,3,2,2,1,0,1,1,5,4,6,14.333333333333334,118
118,1,17,2,1,1,3,2,3,2,1,1,1,5,2,14,11.333333333333334,119
119,1,15,2,1,3,4,2,1,1,0,1,1,3,4,2,13.666666666666666,120
120,1,15,2,1,1,2,1,1,2,0,1,1,3,2,0,14.0,121
121,1,15,2,1,2,2,2,1,4,0,1,1,5,5,6,13.333333333333334,122
122,1,16,1,1,2,4,2,2,2,0,1,1,4,2,2,13.0,123
123,1,16,2,1,4,4,1,1,1,0,1,1,3,4,4,12.666666666666666,124
124,1,16,2,1,2,2,1,1,2,0,1,1,5,4,0,11.333333333333334,125
125,1,15,2,1,3,4,2,1,1,0,1,1,5,5,2,9.0,126
126,1,15,1,2,3,4,1,1,2,0,1,1,5,3,0,10.666666666666666,127
127,1,19,2,1,0,1,3,1,2,2,0,0,3,4,0,10.0,128
128,1,16,2,1,4,4,1,1,1,0,1,1,3,5,8,14.333333333333334,129
129,1,16,2,1,2,3,1,2,3,0,1,1,3,2,4,12.666666666666666,130
130,1,15,2,1,3,4,2,2,3,0,1,1,4,2,0,11.0,131
131,1,18,2,1,2,1,1,1,2,3,0,1,5,4,10,9.0,132
132,1,17,1,2,2,1,1,3,1,0,1,1,3,2,8,10.666666666666666,133
133,1,15,2,1,1,1,1,3,1,0,1,1,4,3,6,12.0,134
134,1,17,1,1,2,2,2,1,1,0,1,1,3,4,2,12.333333333333334,135
135,1,16,2,2,3,4,2,1,1,0,1,1,3,2,12,14.0,136
136,1,16,2,1,2,1,1,4,1,0,1,0,3,2,4,9.666666666666666,137
137,1,16,2,2,2,2,1,1,1,1,1,0,5,3,12,11.666666666666666,138
138,1,15,2,1,3,4,1,4,2,0,1,0,5,3,2,11.333333333333334,139
139,1,15,2,1,4,4,1,1,3,0,1,1,4,3,4,14.0,140
140,1,17,2,1,3,4,1,3,2,0,1,0,5,4,2,9.666666666666666,141
141,1,16,2,1,1,1,1,4,2,0,1,0,5,1,0,13.333333333333334,142
142,1,18,1,1,3,1,1,2,1,0,1,1,3,3,2,11.333333333333334,143
143,1,18,2,2,3,2,3,1,3,0,1,1,4,3,10,11.333333333333334,144
144,1,16,2,1,1,1,1,2,1,0,1,0,3,3,8,11.333333333333334,145
145,1,16,2,2,3,3,3,2,1,0,1,1,4,3,4,9.333333333333334,146
146,1,16,1,1,1,1,1,1,2,2,1,0,4,4,0,10.0,147
147,1,15,2,1,4,4,1,2,1,0,1,1,4,3,6,13.666666666666666,148
148,1,15,2,1,1,1,1,3,1,1,1,1,5,5,2,8.666666666666666,149
149,1,15,2,1,4,3,2,2,4,0,1,1,2,2,6,10.333333333333334,150
150,1,15,2,2,3,3,1,1,2,0,1,0,1,3,24,8.666666666666666,151
151,1,16,2,1,4,4,1,1,3,0,1,1,5,3,0,13.666666666666666,152
152,1,16,1,1,2,2,2,2,1,0,1,1,2,3,4,11.333333333333334,153
153,1,15,2,1,4,4,1,1,3,0,1,1,4,2,2,13.0,154
154,1,16,1,1,1,1,1,1,1,0,1,1,3,4,4,10.666666666666666,155
155,1,17,2,1,2,1,1,1,1,0,1,1,5,4,22,7.333333333333333,156
156,1,15,2,1,1,1,2,1,2,0,1,1,4,4,0,12.0,157
157,1,15,1,2,2,1,1,2,1,0,0,1,4,4,0,10.333333333333334,158
158,1,15,2,1,3,2,2,1,2,1,1,1,3,3,2,11.0,159
159,1,15,2,1,1,2,1,1,2,0,1,1,4,3,6,12.666666666666666,160
160,1,15,2,1,1,2,2,1,2,0,1,0,2,3,6,11.0,161
161,1,16,2,1,4,4,1,1,1,0,0,1,3,3,16,8.666666666666666,162
162,1,15,1,2,2,1,1,4,1,0,1,1,4,5,0,11.333333333333334,163
163,1,18,1,1,1,1,1,1,1,2,0,1,2,3,0,6.666666666666667,164
164,1,16,1,1,2,1,1,1,1,1,1,0,4,4,6,9.666666666666666,165
165,1,15,2,1,3,3,3,2,3,0,1,1,4,2,2,13.0,166
166,1,19,2,1,3,2,1,1,1,0,0,1,4,5,6,10.333333333333334,167
167,1,17,2,1,4,4,1,1,1,0,1,0,4,2,0,13.0,168
168,1,15,2,1,2,3,1,1,2,0,1,0,4,4,0,7.666666666666667,169
169,1,17,1,1,1,2,1,1,1,3,1,0,2,2,14,9.0,170
170,1,18,2,1,1,1,1,3,1,3,1,0,5,2,6,10.666666666666666,171
171,1,16,2,1,2,2,1,3,1,0,1,0,4,2,4,11.0,172
172,1,16,2,1,3,3,2,1,2,1,1,1,4,5,0,7.0,173
173,1,16,1,1,1,2,1,2,1,2,1,1,4,4,0,9.0,174
174,1,17,1,1,2,1,1,2,1,1,0,1,3,3,8,8.333333333333334,175
175,1,17,2,1,3,2,1,2,2,2,1,1,4,4,4,7.0,176
176,1,15,1,1,1,2,1,2,1,0,1,0,4,4,2,9.0,177
177,1,16,2,1,1,3,2,1,1,1,0,1,5,3,2,8.333333333333334,178
178,1,17,1,1,1,1,1,4,2,0,0,0,5,3,0,8.0,179
179,1,17,2,1,3,2,1,2,1,3,0,0,4,5,10,7.666666666666667,180
180,1,16,2,1,2,2,2,1,2,0,0,1,4,3,0,10.0,181
181,1,16,2,1,4,2,2,1,2,0,1,1,4,2,0,17.333333333333332,182
182,1,16,2,1,2,2,1,1,2,0,1,1,5,1,0,12.333333333333334,183
183,1,16,2,1,4,4,1,1,2,0,1,1,4,4,0,16.333333333333332,184
184,1,16,2,1,3,4,2,3,1,1,1,1,3,4,4,9.333333333333334,185
185,1,16,2,1,1,0,1,2,2,0,1,1,4,3,0,17.0,186
186,1,17,1,1,4,4,1,1,2,0,1,1,4,4,0,10.0,187
187,1,16,2,1,1,3,1,1,2,0,1,1,4,3,0,13.333333333333334,188
188,1,16,1,1,3,3,1,2,2,0,1,1,4,4,0,14.333333333333334,189
189,1,17,1,1,4,3,1,2,2,0,1,1,4,4,0,10.666666666666666,190
190,1,16,2,1,2,2,1,2,2,0,1,1,3,4,0,13.0,191
191,1,17,2,1,3,3,2,1,2,0,1,1,4,3,4,10.0,192
192,1,16,2,1,4,2,1,1,1,0,1,1,4,3,8,10.0,193
193,1,17,2,1,4,3,1,1,2,0,1,1,5,2,4,11.666666666666666,194
194,1,16,2,1,4,3,1,1,2,0,1,1,3,4,4,10.666666666666666,195
195,1,16,2,1,3,3,1,1,2,0,1,1,4,2,0,12.0,196
196,1,17,2,1,2,4,2,1,2,0,1,0,5,4,0,17.333333333333332,197
197,1,17,1,1,3,3,1,1,2,0,1,1,5,3,32,13.666666666666666,198
198,1,16,2,1,3,2,1,1,2,0,1,1,1,2,8,15.0,199
199,1,17,2,1,3,3,1,1,2,0,1,1,4,3,6,12.666666666666666,200
200,1,16,2,1,1,2,1,1,1,0,1,1,3,3,0,10.0,201
201,1,16,1,1,2,1,1,1,2,0,1,1,4,2,0,14.333333333333334,202
202,1,17,2,2,3,3,1,1,2,0,1,1,3,3,10,13.0,203
203,1,17,2,1,1,2,1,1,2,0,1,0,3,1,6,9.333333333333334,204
204,1,16,2,1,2,3,1,1,2,0,1,1,4,3,6,12.333333333333334,205
205,1,17,2,1,1,1,1,1,2,0,1,1,5,3,0,11.666666666666666,206
206,1,17,2,1,1,2,3,2,2,0,1,1,4,4,16,11.0,207
207,1,16,2,1,3,3,1,1,1,0,1,1,4,3,0,10.333333333333334,208
208,1,16,2,1,2,3,2,2,1,0,1,1,5,3,0,12.333333333333334,209
209,1,17,1,1,2,4,2,1,2,0,1,1,4,3,8,15.0,210
210,1,17,2,1,4,4,1,1,1,0,1,1,5,2,4,13.333333333333334,211
211,1,16,1,1,3,3,2,3,1,0,1,1,3,3,16,11.0,212
212,1,17,2,1,4,4,1,2,1,1,1,1,4,2,30,15.0,213
213,1,16,1,1,4,4,1,1,2,0,1,1,4,5,0,10.666666666666666,214
214,1,16,2,1,4,3,1,1,2,0,1,1,4,3,2,14.333333333333334,215
215,1,16,2,1,2,3,1,1,2,0,1,0,4,4,4,11.666666666666666,216
216,1,17,2,1,1,1,1,1,2,0,1,0,4,4,0,14.666666666666666,217
217,1,17,2,1,2,2,1,1,1,0,1,1,5,3,21,13.0,218
218,1,16,2,1,2,2,1,2,4,0,1,1,5,3,6,13.0,219
219,1,17,2,1,3,4,1,1,3,1,1,1,4,4,14,8.333333333333334,220
220,1,16,2,2,3,1,1,1,2,0,1,1,2,3,2,11.333333333333334,221
221,1,16,2,1,4,3,1,1,2,0,1,1,1,3,4,14.666666666666666,222
222,1,16,2,1,1,1,1,2,1,0,1,0,4,3,2,12.666666666666666,223
223,1,17,2,1,4,3,1,2,3,0,1,1,4,4,0,11.666666666666666,224
224,1,19,2,1,3,3,3,1,4,0,1,1,4,3,4,12.0,225
225,1,17,1,1,4,4,1,1,2,0,1,1,5,3,15,12.333333333333334,226
226,1,16,2,2,2,2,1,1,2,0,1,1,3,3,0,13.0,227
227,1,18,2,1,2,2,1,1,2,0,1,1,4,4,10,11.333333333333334,228
228,1,17,1,1,4,4,1,1,1,0,1,0,5,2,6,11.333333333333334,229
229,1,17,1,1,3,2,1,2,2,0,1,1,4,4,2,15.0,230
230,1,17,2,1,4,3,1,1,2,0,1,1,3,4,16,10.0,231
231,1,18,1,1,3,3,2,1,2,0,1,1,3,2,10,10.0,232
232,1,17,2,1,2,3,2,2,1,0,1,0,3,3,4,12.666666666666666,233
233,1,17,2,1,2,2,1,1,3,0,1,1,4,3,0,12.333333333333334,234
234,1,17,2,1,2,1,1,2,2,0,1,1,4,2,0,10.666666666666666,235
235,1,17,2,1,1,1,1,1,3,0,1,0,4,3,12,12.0,236
236,1,16,2,1,2,3,1,1,2,0,1,1,2,3,0,13.333333333333334,237
237,1,18,2,1,2,2,1,2,2,3,1,1,3,3,9,9.666666666666666,238
238,1,16,2,1,4,4,1,1,3,0,1,1,5,3,4,15.666666666666666,239
239,1,18,2,1,3,1,1,1,2,0,1,1,5,3,4,8.0,240
240,1,17,2,1,3,2,1,1,2,0,1,1,5,3,2,17.333333333333332,241
241,1,17,1,1,2,3,2,1,2,0,1,1,5,3,0,10.666666666666666,242
242,1,18,1,1,2,1,1,4,2,0,1,1,4,3,2,10.0,243
243,1,17,2,2,2,1,1,2,3,0,1,1,3,2,0,15.333333333333334,244
244,1,17,1,1,4,3,2,1,2,0,1,1,3,2,0,12.666666666666666,245
245,1,17,2,1,2,2,2,2,2,0,1,1,4,5,0,12.666666666666666,246
246,1,17,2,1,4,4,1,1,2,0,1,1,4,5,0,13.0,247
247,1,16,2,1,4,4,2,1,2,0,1,1,4,2,0,13.333333333333334,248
248,1,16,1,1,1,1,1,2,2,0,1,1,3,4,2,9.0,249
249,1,16,2,1,3,2,1,2,3,0,1,1,5,3,0,12.0,250
250,1,17,1,1,2,2,2,1,2,0,1,1,4,4,0,16.0,251
251,1,16,2,1,2,1,1,1,1,0,1,1,4,5,4,9.666666666666666,252
252,1,16,2,2,4,1,1,1,2,0,1,1,5,3,0,13.333333333333334,253
253,1,18,1,2,2,4,1,2,2,1,1,1,4,3,18,10.0,254
254,1,18,1,1,2,2,1,1,2,1,1,1,5,3,16,9.0,255
255,1,18,2,1,3,3,1,2,1,1,0,1,4,1,14,7.333333333333333,256
256,1,18,2,1,2,2,3,1,1,1,0,1,4,4,26,7.666666666666667,257
257,1,17,2,1,4,4,1,1,1,0,1,1,4,2,6,9.0,258
258,1,17,2,1,3,2,2,1,2,0,1,0,5,4,4,14.333333333333334,259
259,1,17,1,1,1,1,1,1,3,0,1,1,4,3,10,10.333333333333334,260
260,1,16,2,1,1,2,1,1,1,0,0,1,5,3,4,11.333333333333334,261
261,1,17,2,1,2,1,1,3,2,0,1,0,2,1,2,13.0,262
262,1,17,1,2,1,4,3,4,1,1,1,1,5,5,14,8.666666666666666,263
263,1,18,2,1,2,2,2,1,2,0,0,1,5,5,16,7.666666666666667,264
264,1,17,1,2,2,2,1,1,1,1,0,1,3,1,8,10.0,265
265,1,17,1,1,1,1,1,2,3,0,1,1,4,3,4,14.666666666666666,266
266,1,17,1,2,4,2,1,1,2,0,1,0,4,3,4,14.333333333333334,267
267,1,17,1,1,4,3,1,2,2,0,1,1,2,5,8,15.0,268
268,1,17,1,2,4,4,1,2,2,0,1,1,3,3,0,12.0,269
269,1,16,1,1,4,3,1,1,1,0,1,1,5,4,7,14.333333333333334,270
270,1,16,2,1,4,4,1,1,1,0,1,1,5,3,4,14.666666666666666,271
271,1,17,2,1,4,4,1,1,2,0,1,1,5,3,2,11.333333333333334,272
272,1,17,2,1,1,1,2,2,3,0,1,1,4,3,2,14.0,273
273,1,17,2,1,3,3,1,2,3,0,1,1,4,2,10,11.0,274
274,1,17,2,1,1,1,1,1,2,0,1,0,4,3,10,9.666666666666666,275
275,1,18,2,1,2,1,3,2,3,0,1,1,4,4,10,11.0,276
276,1,16,2,1,2,1,1,3,1,0,1,1,4,3,7,15.666666666666666,277
277,1,17,2,1,1,1,2,1,2,0,1,0,4,3,4,10.666666666666666,278
278,1,17,2,1,2,3,2,2,1,0,1,1,5,2,2,11.333333333333334,279
279,1,22,2,1,3,1,1,1,1,3,0,1,5,4,12,6.666666666666667,280
280,1,18,1,1,3,3,1,1,2,0,1,1,4,3,8,9.666666666666666,281
281,1,16,2,1,0,2,1,1,1,0,1,1,4,3,0,11.333333333333334,282
282,1,18,2,1,3,2,1,2,1,0,0,1,4,4,8,7.333333333333333,283
283,1,16,2,1,3,3,3,3,2,1,1,1,5,3,4,10.0,284
284,1,18,2,1,2,1,1,1,1,2,0,1,3,2,4,7.0,285
285,1,16,2,1,2,1,1,2,1,0,1,0,3,3,2,13.0,286
286,1,17,2,1,2,1,1,1,1,0,1,1,4,4,0,12.333333333333334,287
287,1,17,1,1,1,1,1,2,1,1,1,1,4,4,0,9.666666666666666,288
288,1,18,1,2,2,1,1,1,2,0,1,1,4,3,2,12.333333333333334,289
289,1,17,1,1,4,2,1,1,4,0,1,1,4,2,2,15.333333333333334,290
290,1,19,2,1,2,2,1,1,2,0,1,1,4,3,0,10.333333333333334,291
291,1,18,1,1,2,1,1,3,2,1,0,1,4,4,4,10.666666666666666,292
292,1,17,2,1,4,2,1,1,3,0,1,1,4,3,2,12.333333333333334,293
293,1,18,1,1,1,1,1,1,3,0,1,0,4,4,4,12.333333333333334,294
294,1,18,2,1,2,2,1,1,2,0,1,0,3,2,4,11.666666666666666,295
295,1,19,1,2,4,3,1,1,2,0,1,1,4,3,4,12.666666666666666,296
296,1,18,2,1,2,1,1,1,2,0,1,1,5,2,2,16.0,297
297,1,17,2,1,2,2,1,2,1,0,0,0,5,2,0,9.666666666666666,298
298,1,17,1,1,2,2,2,1,4,0,1,1,3,4,2,11.0,299
299,1,20,2,1,2,1,3,2,2,0,0,1,1,2,8,11.333333333333334,300
300,1,18,2,1,4,3,2,1,2,0,1,1,3,1,2,15.0,301
301,1,18,2,1,4,3,1,1,2,0,1,1,4,3,2,10.333333333333334,302
302,1,18,2,1,3,2,1,1,3,0,1,0,5,3,2,11.0,303
303,1,17,2,1,3,3,1,1,3,0,1,0,3,2,2,13.333333333333334,304
304,1,18,2,1,2,2,1,1,3,0,1,1,4,3,0,12.0,305
305,1,17,2,1,2,2,2,2,1,0,0,1,4,4,8,8.333333333333334,306
306,1,18,1,2,3,4,1,2,2,0,1,1,4,2,6,15.666666666666666,307
307,1,17,2,1,3,1,1,1,2,0,1,1,5,4,0,12.0,308
308,1,18,2,1,4,4,1,2,2,0,1,1,4,3,8,11.0,309
309,1,18,2,1,4,2,2,1,2,0,1,1,5,4,4,12.0,310
310,1,18,2,1,2,1,1,2,2,0,0,1,4,3,12,9.0,311
311,1,19,2,1,3,3,3,1,2,0,1,1,4,3,16,11.666666666666666,312
312,1,18,2,1,2,3,2,1,4,0,1,1,4,5,10,16.0,313
313,1,18,1,1,1,1,1,2,2,0,1,0,4,4,2,13.0,314
314,1,17,2,1,1,2,1,1,2,0,1,0,3,5,2,17.0,315
315,1,18,2,1,2,1,1,1,2,0,1,1,4,2,8,14.333333333333334,316
316,1,17,2,1,2,4,1,2,2,0,1,1,4,3,6,15.666666666666666,317
317,1,17,1,1,2,2,1,2,2,0,1,1,4,4,6,12.0,318
318,1,18,2,2,3,2,1,2,2,0,0,1,4,1,15,10.333333333333334,319
319,1,18,2,1,4,4,1,2,1,0,1,1,3,2,6,11.666666666666666,320
320,1,18,2,1,4,4,2,1,2,1,1,1,2,4,2,13.0,321
321,1,17,2,1,2,2,2,3,3,0,1,1,4,2,8,14.333333333333334,322
322,1,19,2,1,3,2,2,1,2,1,0,1,3,3,0,9.0,323
323,1,18,1,1,4,3,1,2,1,0,1,1,4,2,0,10.0,324
324,1,18,2,1,1,2,3,2,1,0,0,1,3,4,10,10.333333333333334,325
325,1,17,1,2,4,1,1,2,1,0,1,1,4,5,22,10.666666666666666,326
326,1,17,1,2,3,2,1,1,1,0,1,1,4,4,18,13.0,327
327,1,18,1,1,1,1,1,2,4,0,1,0,5,2,2,17.333333333333332,328
328,1,18,2,1,1,1,1,2,2,0,1,1,5,4,0,12.666666666666666,329
329,1,17,2,1,2,2,1,1,2,0,1,1,5,4,12,12.666666666666666,330
330,1,18,2,1,2,1,1,2,2,0,1,1,4,3,10,13.0,331
331,1,17,2,1,1,1,2,1,2,0,1,1,4,3,0,12.0,332
332,1,18,2,1,2,2,1,1,3,0,1,1,4,3,0,18.0,333
333,1,17,2,1,1,1,1,1,3,0,1,1,4,3,0,13.333333333333334,334
334,1,18,2,1,2,1,1,1,3,0,1,1,4,2,0,14.666666666666666,335
335,1,18,1,2,4,4,1,1,2,0,1,1,5,4,0,17.0,336
336,1,18,2,1,4,2,1,1,2,0,1,1,4,3,2,15.666666666666666,337
337,1,17,2,1,4,3,1,1,3,0,1,1,4,2,0,17.666666666666668,338
338,1,17,1,1,3,1,1,2,4,0,1,0,3,1,0,18.666666666666668,339
339,1,18,1,1,3,2,1,2,3,0,1,1,5,4,0,14.666666666666666,340
340,1,17,2,1,3,3,1,1,1,0,1,1,4,4,0,14.666666666666666,341
341,1,19,2,1,4,4,3,2,2,0,1,1,2,3,2,13.333333333333334,342
342,1,18,1,1,4,3,3,2,2,0,1,1,4,4,0,13.666666666666666,343
343,1,18,2,1,4,3,2,1,4,0,1,1,4,3,0,16.666666666666668,344
344,1,18,1,1,4,4,1,1,1,0,1,1,1,4,0,17.666666666666668,345
345,1,18,1,2,4,4,1,1,2,0,1,1,4,2,0,14.666666666666666,346
346,1,17,1,1,4,4,2,2,1,0,1,1,4,1,0,12.666666666666666,347
347,1,17,2,1,4,4,1,2,3,0,1,1,5,3,0,7.333333333333333,348
348,1,17,2,1,4,2,1,2,3,0,1,1,4,3,0,16.0,349
349,1,17,2,1,3,2,2,1,4,0,1,1,5,2,0,18.0,350
350,1,19,1,1,2,1,1,2,3,1,1,1,4,3,0,10.0,351
351,1,20,2,2,3,2,3,1,1,2,1,0,5,5,0,14.666666666666666,352
352,1,19,2,1,3,3,2,1,2,0,1,0,4,5,0,10.333333333333334,353
353,1,18,2,1,1,4,1,1,2,0,1,0,3,4,2,10.333333333333334,354
354,1,18,2,1,2,1,1,2,2,0,1,1,5,3,2,13.0,355
355,1,17,2,1,2,3,2,2,2,0,1,1,4,2,2,12.333333333333334,356
356,1,17,2,1,4,4,1,1,1,0,1,1,4,4,2,16.0,357
357,1,18,2,1,4,3,1,1,3,0,1,1,4,3,2,15.333333333333334,358
358,1,18,1,1,4,3,1,2,1,0,1,1,3,2,8,13.0,359
359,1,17,2,1,3,4,2,1,3,0,1,1,4,3,2,15.666666666666666,360
360,1,18,2,1,3,3,2,1,2,0,1,1,4,1,8,12.333333333333334,361
361,1,19,2,1,4,2,1,2,2,0,1,1,5,4,9,10.333333333333334,362
362,1,18,2,1,4,4,1,1,2,0,1,1,4,4,0,12.0,363
363,1,18,2,1,3,4,1,1,1,0,1,1,5,4,4,12.333333333333334,364
364,1,17,2,1,4,4,1,1,1,0,1,1,5,3,2,15.333333333333334,365
365,1,17,2,2,4,3,1,1,2,0,1,1,5,2,14,15.333333333333334,366
366,1,17,1,2,3,3,1,1,2,0,1,1,5,3,0,12.333333333333334,367
367,1,17,1,1,2,1,2,1,2,0,1,1,4,2,2,12.333333333333334,368
368,1,18,1,1,4,4,2,1,1,0,1,1,4,2,2,9.333333333333334,369
369,1,19,2,1,1,1,3,3,3,0,0,0,1,5,12,10.333333333333334,370
370,1,19,1,2,1,1,3,3,2,2,1,1,5,3,2,8.333333333333334,371
371,1,18,2,1,2,2,1,1,1,0,1,1,4,3,2,10.0,372
372,1,17,2,1,2,2,1,1,2,0,1,0,4,2,4,13.333333333333334,373
373,1,17,1,1,2,2,1,1,3,0,1,1,3,3,0,10.666666666666666,374
374,1,17,2,1,3,1,2,1,3,0,1,1,3,4,0,17.333333333333332,375
375,1,17,1,1,0,2,2,2,3,0,1,1,3,3,0,14.333333333333334,376
376,1,18,2,1,1,1,1,2,3,0,1,1,4,5,0,14.0,377
377,1,18,2,1,4,4,1,1,3,0,1,1,4,3,0,13.333333333333334,378
378,1,17,2,1,3,3,1,1,1,0,1,1,4,3,0,17.333333333333332,379
379,1,17,2,1,2,2,1,4,1,0,1,1,4,4,2,10.333333333333334,380
380,1,17,2,1,4,4,1,1,3,0,1,1,5,4,0,12.666666666666666,381
381,1,17,2,1,4,4,1,2,3,0,1,1,4,3,4,14.666666666666666,382
382,1,17,2,1,3,3,1,1,1,0,1,1,4,2,2,11.333333333333334,383
383,1,18,1,1,2,2,1,1,4,0,1,1,4,5,0,11.333333333333334,384
384,1,19,2,1,3,2,3,1,1,0,1,0,5,3,0,10.333333333333334,385
385,1,18,2,1,2,2,1,4,2,0,1,0,4,2,2,9.666666666666666,386
386,1,17,2,1,2,4,2,1,3,0,1,1,4,4,0,15.0,387
387,1,18,2,1,2,2,1,1,1,0,1,1,5,4,6,14.666666666666666,388
388,1,18,2,1,3,3,1,1,2,0,1,1,5,3,8,11.0,389
389,1,18,1,1,2,2,3,1,2,0,1,1,4,3,0,10.333333333333334,390
390,1,18,2,1,2,2,1,2,4,0,1,0,4,4,6,13.666666666666666,391
391,1,17,2,1,3,4,1,1,3,0,1,1,4,4,8,12.666666666666666,392
392,1,17,2,1,3,2,1,1,2,0,1,1,4,3,0,13.333333333333334,393
393,1,18,1,1,3,3,1,1,4,0,1,1,5,3,4,14.333333333333334,394
394,1,17,2,2,3,2,1,1,2,0,1,1,4,3,0,14.666666666666666,395
395,1,18,2,1,4,4,2,1,2,0,1,1,4,3,0,12.333333333333334,396
396,1,18,1,1,3,4,1,1,2,0,1,1,4,3,6,16.333333333333332,397
397,1,17,2,2,2,2,2,1,2,0,1,1,3,3,18,12.0,398
398,1,18,2,1,2,3,1,1,3,0,1,1,4,3,0,12.333333333333334,399
399,1,18,2,1,3,2,1,1,3,0,1,1,5,4,4,15.666666666666666,400
400,1,18,2,1,4,3,1,1,3,0,1,1,5,3,4,15.333333333333334,401
401,1,18,2,1,4,3,1,1,3,0,1,1,5,4,0,13.666666666666666,402
402,1,17,2,1,4,3,1,1,3,0,1,1,4,4,0,12.0,403
403,1,17,2,1,2,1,1,2,2,0,1,1,4,3,10,14.0,404
404,1,17,2,1,2,1,1,1,2,0,1,1,4,3,4,14.666666666666666,405
405,1,19,1,2,2,3,3,2,1,1,0,1,2,2,16,10.666666666666666,406
406,1,17,2,1,3,1,1,1,1,1,1,1,4,1,6,12.0,407
407,1,21,1,1,4,4,3,1,3,2,1,1,3,3,0,11.0,408
408,1,18,1,1,2,2,1,1,2,0,0,1,4,4,11,10.666666666666666,409
409,1,18,1,2,3,4,3,1,2,0,1,1,4,3,9,14.0,410
410,1,17,2,1,2,2,1,1,2,0,1,1,4,3,0,15.666666666666666,411
411,1,17,1,2,4,4,1,1,3,0,1,1,4,4,2,14.0,412
412,1,18,1,1,4,2,1,1,2,0,1,1,4,2,0,16.0,413
413,1,21,1,1,1,1,3,2,2,2,0,1,5,3,21,9.666666666666666,414
414,1,20,2,1,1,1,3,2,3,0,1,1,3,2,8,13.666666666666666,415
415,1,19,2,1,4,4,3,1,1,1,1,1,3,2,5,10.0,416
416,1,17,1,2,3,2,1,1,2,0,1,1,4,4,10,17.333333333333332,417
417,1,18,2,1,3,2,2,1,3,0,1,1,4,3,5,16.0,418
418,1,18,2,1,2,3,2,1,1,0,1,1,3,1,13,13.666666666666666,419
419,1,19,2,1,2,1,1,1,1,0,1,1,5,3,10,9.666666666666666,420
420,1,18,1,2,2,2,1,2,2,0,1,1,4,1,10,16.0,421
421,1,20,2,1,1,0,1,2,1,1,1,1,5,3,5,9.333333333333334,422
422,1,18,2,1,3,2,1,1,2,0,1,1,3,1,4,12.0,423
423,2,16,2,1,1,3,2,2,1,0,0,1,4,3,11,10.666666666666666,424
424,2,16,2,1,2,2,1,2,2,0,1,1,4,4,0,12.0,425
425,2,15,2,1,1,1,1,1,1,1,1,0,4,1,6,10.0,426
426,2,15,2,1,3,3,1,2,1,0,1,1,5,4,4,10.333333333333334,427
427,2,16,2,1,2,3,1,2,2,0,1,0,4,5,0,16.666666666666668,428
428,2,15,1,1,2,1,1,2,1,0,0,0,1,3,0,7.666666666666667,429
429,2,16,1,2,4,4,1,1,2,0,1,0,5,3,5,10.666666666666666,430
430,2,16,2,2,1,2,1,1,3,0,1,1,4,4,0,10.666666666666666,431
431,2,17,2,1,3,2,2,1,2,1,1,0,4,5,0,10.0,432
432,2,17,2,1,1,1,2,1,1,1,0,1,5,4,0,6.333333333333333,433
433,2,15,2,1,4,4,1,2,1,0,1,1,1,5,0,13.666666666666666,434
434,2,16,1,2,2,2,1,2,4,0,0,0,1,2,4,10.0,435
435,2,15,1,1,1,1,2,2,2,0,1,1,5,4,0,10.0,436
436,2,15,1,1,1,1,1,2,1,1,1,1,4,4,4,7.0,437
437,2,16,2,1,0,2,1,2,1,0,1,0,3,2,0,11.666666666666666,438
438,2,17,2,1,2,3,1,2,1,0,1,1,5,5,2,11.0,439
439,2,15,2,1,3,3,2,2,1,0,1,1,4,1,0,15.333333333333334,440
440,2,16,2,1,1,1,1,2,2,0,1,0,5,4,0,2.3333333333333335,441
441,2,17,2,1,1,1,1,1,2,0,1,1,4,4,4,8.666666666666666,442
442,2,15,1,1,4,1,2,1,2,0,1,1,5,3,0,13.0,443
443,2,15,1,1,4,1,2,1,2,0,1,1,5,3,7,8.0,444
444,2,16,2,1,3,4,1,3,2,0,1,0,3,4,4,10.0,445
445,2,15,2,1,1,1,1,4,2,0,1,0,5,4,8,8.333333333333334,446
446,2,15,1,1,3,3,2,1,2,0,1,1,5,3,0,11.0,447
447,2,17,2,1,2,1,1,3,1,0,0,0,5,5,8,9.0,448
448,2,16,2,1,4,4,1,2,3,0,1,1,4,2,6,16.333333333333332,449
449,2,15,2,1,1,2,1,2,1,0,1,0,5,1,3,12.333333333333334,450
450,2,16,2,1,2,3,1,3,2,0,1,1,4,5,2,15.0,451
451,2,16,2,1,1,2,2,2,2,0,1,0,4,3,0,10.666666666666666,452
452,2,16,2,1,2,2,1,3,2,0,1,1,4,4,4,10.0,453
453,2,16,2,1,1,2,1,1,3,1,1,0,1,3,0,8.666666666666666,454
454,2,16,2,1,1,2,1,1,3,1,1,0,1,3,3,8.333333333333334,455
455,2,15,2,1,2,1,1,1,2,0,1,1,4,4,0,9.333333333333334,456
456,2,16,2,1,1,1,2,1,2,0,1,0,5,4,0,14.0,457
457,2,17,1,1,1,2,1,1,1,0,1,1,5,5,4,10.666666666666666,458
458,2,16,2,1,1,1,2,4,4,0,1,1,4,3,0,12.0,459
459,2,16,2,1,1,1,2,4,3,0,1,0,4,4,2,9.666666666666666,460
460,2,15,2,1,1,1,2,2,2,0,1,1,4,3,1,10.666666666666666,461
461,2,16,2,1,1,1,1,2,1,0,1,1,4,2,0,13.0,462
462,2,15,2,1,1,1,2,3,2,0,1,0,4,2,0,13.666666666666666,463
463,2,15,1,1,2,2,2,1,3,0,1,0,4,4,2,12.333333333333334,464
464,2,16,2,1,1,1,2,2,1,0,1,0,3,4,6,11.0,465
465,2,18,2,1,1,2,2,1,2,1,1,1,3,4,9,8.333333333333334,466
466,2,15,2,1,3,1,1,2,1,0,1,0,3,2,0,10.0,467
467,2,16,2,1,2,2,2,3,2,0,1,1,5,3,1,13.666666666666666,468
468,2,15,2,1,2,2,1,3,1,0,1,0,4,3,1,12.666666666666666,469
469,2,16,2,1,4,4,2,1,2,0,1,0,4,3,0,12.666666666666666,470
470,2,15,2,1,3,3,1,1,2,0,1,1,4,5,4,12.333333333333334,471
471,2,16,2,1,2,2,1,2,2,1,1,0,4,4,2,11.666666666666666,472
472,2,16,1,1,2,2,2,3,1,0,1,0,4,3,0,14.666666666666666,473
473,2,16,1,1,2,1,1,2,1,0,1,1,2,4,4,9.333333333333334,474
474,2,15,1,1,1,3,2,3,1,0,1,1,4,2,2,10.666666666666666,475
475,2,15,2,1,2,2,1,2,3,0,1,0,5,3,0,13.0,476
476,2,16,1,1,2,1,1,1,1,0,1,1,5,4,2,8.666666666666666,477
477,2,15,2,1,3,3,2,2,1,0,1,1,4,3,11,11.0,478
478,2,16,2,1,1,1,2,2,2,3,1,0,3,4,0,7.333333333333333,479
479,2,17,2,1,2,2,1,1,1,0,0,0,4,5,4,9.333333333333334,480
480,2,19,2,1,2,3,3,1,1,1,0,1,4,4,0,9.333333333333334,481
481,2,17,2,1,2,1,1,3,1,0,0,0,5,5,2,10.0,482
482,2,15,1,1,1,1,1,2,1,0,0,0,5,2,0,9.333333333333334,483
483,2,16,2,1,2,2,2,3,2,0,0,1,3,4,1,10.0,484
484,2,16,1,2,2,2,1,1,1,0,0,0,4,3,6,7.333333333333333,485
485,2,17,2,1,2,2,1,2,2,0,1,1,4,3,0,10.666666666666666,486
486,2,16,2,1,2,2,2,1,1,1,1,1,4,4,1,9.666666666666666,487
487,2,18,1,2,3,2,3,2,3,2,0,0,3,3,6,8.666666666666666,488
488,2,19,2,1,1,1,1,1,3,1,0,0,5,3,6,8.333333333333334,489
489,2,18,2,1,1,1,1,2,1,1,0,1,4,4,0,9.0,490
490,2,18,2,1,1,1,1,2,1,1,0,1,3,2,4,10.0,491
491,2,19,2,1,1,1,3,2,2,1,1,1,1,1,12,8.0,492
492,2,16,2,2,2,2,1,1,2,0,1,0,3,3,2,9.333333333333334,493
493,2,17,2,1,0,1,2,2,1,0,1,0,2,4,5,9.333333333333334,494
494,2,16,1,1,1,2,1,1,2,0,0,1,4,4,0,8.666666666666666,495
495,2,16,2,1,3,3,1,1,1,0,0,1,4,5,0,13.333333333333334,496
496,2,16,1,1,1,1,1,1,1,0,1,1,4,4,2,14.0,497
497,2,17,2,1,3,3,1,2,4,1,1,0,5,4,0,10.333333333333334,498
498,2,16,2,1,2,1,1,1,2,0,1,1,5,3,0,13.666666666666666,499
499,2,16,2,1,2,2,1,1,1,0,1,0,4,2,0,16.333333333333332,500
500,2,17,2,1,1,2,2,1,1,1,0,1,5,3,12,6.666666666666667,501
501,2,16,1,1,4,3,2,1,1,0,1,1,4,2,8,13.0,502
502,2,17,1,1,2,2,1,3,4,1,1,0,1,3,2,9.0,503
503,2,16,2,1,1,1,3,1,4,0,1,1,2,2,0,14.0,504
504,2,19,1,1,2,2,1,1,3,0,1,1,5,4,0,12.666666666666666,505
505,2,17,2,1,1,1,1,2,1,0,1,1,4,4,0,11.0,506
506,2,20,2,1,3,3,1,2,2,1,1,1,3,3,8,10.0,507
507,2,17,1,1,1,1,2,1,3,0,1,0,4,3,0,10.666666666666666,508
508,2,17,2,1,2,2,1,3,1,1,1,1,4,4,0,9.333333333333334,509
509,2,16,1,1,1,1,2,3,2,0,1,0,5,3,0,17.0,510
510,2,17,2,1,2,2,1,2,2,0,1,0,5,3,0,16.333333333333332,511
511,2,17,2,2,1,0,1,2,2,0,1,1,4,4,1,10.0,512
512,2,18,2,1,1,1,1,1,2,1,1,1,4,3,9,7.0,513
513,2,16,2,1,3,1,1,1,1,0,1,1,3,1,0,7.333333333333333,514
514,2,16,2,1,3,2,1,1,1,0,1,1,3,1,2,6.666666666666667,515
515,2,18,1,1,1,1,1,2,2,0,1,0,2,3,8,9.0,516
516,2,16,2,1,4,4,2,1,2,0,1,1,4,3,0,15.333333333333334,517
517,2,16,1,1,1,2,1,2,1,0,1,1,5,4,0,14.333333333333334,518
518,2,18,2,2,2,4,2,1,2,1,1,1,2,3,8,7.0,519
519,2,16,2,1,2,1,1,2,2,0,1,1,5,2,0,5.0,520
520,2,16,1,1,1,1,1,3,2,0,1,1,4,3,6,7.333333333333333,521
521,2,16,2,1,2,3,1,2,2,0,1,1,3,3,0,9.333333333333334,522
522,2,16,2,1,4,4,1,1,2,0,1,1,4,3,4,8.0,523
523,2,18,1,1,4,4,1,1,4,0,0,1,5,5,2,5.666666666666667,524
524,2,16,1,1,3,4,1,3,2,0,1,0,4,2,2,8.0,525
525,2,17,1,1,4,4,1,1,3,0,1,1,4,4,0,15.0,526
526,2,17,2,1,4,1,1,1,1,0,1,1,4,2,1,13.666666666666666,527
527,2,16,1,1,2,2,1,4,3,0,1,0,5,1,0,9.666666666666666,528
528,2,17,2,1,2,2,1,1,1,0,1,1,5,1,5,9.0,529
529,2,16,1,1,4,4,2,2,1,0,1,0,5,1,1,11.0,530
530,2,17,2,1,3,3,1,1,1,0,1,1,4,1,8,8.666666666666666,531
531,2,17,2,1,1,1,1,3,2,0,1,1,5,1,0,10.0,532
532,2,16,2,1,2,1,1,2,2,0,1,1,4,2,2,8.0,533
533,2,16,1,1,2,1,1,1,2,0,1,1,3,2,0,15.0,534
534,2,16,1,1,4,4,2,1,1,0,1,1,4,1,0,11.666666666666666,535
535,2,15,2,1,1,2,1,3,2,0,1,0,5,5,11,10.0,536
536,2,15,1,2,2,2,1,3,4,0,1,0,5,4,8,13.666666666666666,537
537,2,15,1,2,2,1,1,1,1,0,1,1,4,3,11,12.333333333333334,538
538,2,16,1,1,2,2,1,1,3,0,1,0,4,3,2,11.0,539
539,2,16,1,1,4,1,1,2,2,0,1,1,1,2,8,9.666666666666666,540
540,2,17,2,1,3,2,1,2,1,0,1,0,4,3,5,10.333333333333334,541
541,2,17,2,1,2,2,1,2,2,0,1,0,5,1,0,10.333333333333334,542
542,2,16,2,1,4,4,1,2,3,0,1,1,5,3,1,11.0,543
543,2,17,2,1,4,4,2,3,1,3,1,1,3,3,2,8.666666666666666,544
544,2,17,1,1,1,3,2,2,1,0,1,0,5,1,2,11.666666666666666,545
545,2,17,2,1,3,4,1,1,2,1,1,1,5,4,8,8.333333333333334,546
546,2,17,2,1,4,4,2,1,2,0,1,1,5,2,0,14.666666666666666,547
547,2,16,1,1,4,1,2,1,1,0,1,1,4,1,0,10.666666666666666,548
548,2,17,2,2,1,1,1,1,2,0,1,1,4,5,2,10.666666666666666,549
549,2,17,2,1,4,2,1,2,2,0,1,1,4,3,0,17.666666666666668,550
550,2,16,1,2,2,2,2,2,2,0,1,1,4,1,0,12.666666666666666,551
551,2,17,2,1,3,2,2,2,2,0,1,1,4,1,0,13.333333333333334,552
552,2,19,2,1,1,1,1,1,2,2,0,1,4,4,2,9.333333333333334,553
553,2,17,1,2,1,0,1,1,1,0,1,0,4,1,4,11.333333333333334,554
554,2,17,2,1,1,1,2,2,1,0,0,1,3,5,3,10.333333333333334,555
555,2,16,2,1,1,2,2,1,3,0,1,1,4,3,5,13.333333333333334,556
556,2,16,1,1,1,2,1,1,1,0,1,0,4,4,4,10.0,557
557,2,17,2,1,3,1,1,2,2,3,1,1,5,4,2,8.666666666666666,558
558,2,17,2,1,2,2,1,2,1,0,0,0,5,5,0,10.333333333333334,559
559,2,18,2,1,1,0,3,3,1,1,1,0,4,3,0,12.333333333333334,560
560,2,17,2,1,1,1,1,2,1,0,1,1,4,5,0,9.666666666666666,561
561,2,18,1,1,1,1,1,2,2,0,1,0,4,3,6,9.666666666666666,562
562,2,16,1,1,2,2,2,1,2,0,1,0,5,4,0,12.0,563
563,2,17,2,1,2,2,1,1,1,1,1,0,1,2,0,2.3333333333333335,564
564,2,16,2,1,3,2,2,2,1,0,1,1,4,5,2,10.0,565
565,2,16,1,1,1,1,1,2,1,0,1,1,4,5,0,9.666666666666666,566
566,2,18,2,1,1,1,3,2,1,1,0,1,5,3,2,8.333333333333334,567
567,2,18,2,1,3,2,1,1,1,1,0,1,2,3,0,1.3333333333333333,568
568,2,19,2,1,3,2,1,2,1,3,1,0,3,2,4,8.666666666666666,569
569,2,18,2,1,3,3,1,1,2,2,0,1,4,4,9,6.666666666666667,570
570,2,16,2,1,2,2,1,2,1,0,1,1,5,4,6,7.666666666666667,571
571,2,19,2,1,2,1,3,2,1,3,0,1,4,4,4,8.666666666666666,572
572,2,16,2,2,3,2,1,2,2,2,1,0,2,5,8,5.666666666666667,573
573,2,17,2,1,1,1,1,1,1,0,1,0,4,3,9,8.666666666666666,574
574,2,20,2,1,1,1,3,2,1,1,0,1,4,4,12,9.666666666666666,575
575,2,18,2,2,4,3,1,1,1,0,1,1,5,4,8,10.333333333333334,576
576,2,18,2,1,3,2,1,2,1,0,1,1,2,5,8,10.0,577
577,2,19,2,1,1,1,3,3,2,1,1,1,5,4,8,10.0,578
578,2,17,2,1,3,3,1,2,2,1,1,1,4,5,4,9.0,579
579,2,18,1,1,1,3,1,1,1,0,0,1,4,3,0,9.333333333333334,580
580,2,19,2,1,1,1,3,3,1,1,1,1,4,4,4,9.0,581
581,2,18,2,2,1,2,1,2,2,2,1,0,4,3,2,7.333333333333333,582
582,2,19,1,2,1,1,1,1,1,0,0,0,1,4,0,7.0,583
583,2,18,2,1,2,2,1,2,1,1,0,1,5,5,0,4.666666666666667,584
584,2,17,2,1,0,0,1,2,1,0,1,1,4,4,0,10.666666666666666,585
585,2,17,1,2,3,1,3,2,3,0,0,0,4,2,5,7.666666666666667,586
586,2,17,2,1,4,2,1,1,2,0,1,1,5,5,0,5.333333333333333,587
587,2,18,1,1,2,2,1,1,2,1,1,1,2,3,3,7.0,588
588,2,17,2,1,4,1,1,1,1,0,1,0,3,2,0,9.0,589
589,2,17,1,1,1,2,2,1,1,0,1,1,5,5,0,9.0,590
590,2,18,2,1,1,1,1,3,2,2,1,0,3,4,3,7.333333333333333,591
591,2,18,2,1,2,2,2,2,2,0,1,1,4,3,2,13.0,592
592,2,17,2,1,3,3,1,2,1,0,1,1,4,4,0,12.0,593
593,2,18,1,2,1,2,1,2,2,0,1,1,4,4,0,13.0,594
594,2,18,2,1,4,4,1,2,2,0,1,1,4,3,0,18.0,595
595,2,18,1,1,4,4,1,1,1,0,1,1,5,4,3,17.0,596
596,2,17,2,1,4,2,1,2,2,0,1,1,4,3,0,17.666666666666668,597
597,2,18,2,1,2,2,1,3,2,1,1,0,4,3,0,3.0,598
598,2,18,1,1,1,2,1,2,1,0,1,0,4,1,8,10.666666666666666,599
599,2,18,2,1,4,4,1,3,1,0,1,1,2,5,5,13.0,600
600,2,17,2,1,1,1,2,3,1,0,0,0,4,2,4,13.0,601
601,2,18,2,1,2,2,1,2,2,0,1,1,1,3,4,8.666666666666666,602
602,2,18,1,1,2,2,2,2,3,0,1,1,5,4,0,12.0,603
603,2,18,1,2,4,2,1,1,2,0,1,1,5,3,0,1.6666666666666667,604
604,2,18,2,1,1,1,1,3,2,1,0,0,4,4,2,9.666666666666666,605
605,2,19,2,1,1,1,2,2,1,1,0,0,5,5,0,1.6666666666666667,606
606,2,17,2,1,4,2,2,2,4,0,1,1,4,2,0,18.0,607
607,2,17,1,2,2,1,1,2,2,0,1,1,5,3,5,11.333333333333334,608
608,2,18,1,2,1,1,1,1,2,0,1,0,5,2,2,9.666666666666666,609
609,2,18,2,1,1,2,2,2,2,0,0,0,4,1,0,11.333333333333334,610
610,2,19,2,2,1,1,3,2,2,3,0,0,3,5,0,2.6666666666666665,611
611,2,18,2,1,2,2,1,2,3,0,1,1,4,2,5,14.333333333333334,612
612,2,17,2,1,4,3,1,2,2,1,1,1,4,5,4,10.666666666666666,613
613,2,18,2,1,3,3,2,1,2,0,1,0,5,3,0,10.0,614
614,2,17,2,1,4,4,2,2,2,0,1,1,4,3,2,12.0,615
615,2,17,1,2,3,2,1,2,2,0,1,0,1,2,0,14.666666666666666,616
616,2,18,1,1,1,1,2,2,1,0,1,1,3,3,2,13.666666666666666,617
617,2,18,1,1,1,1,2,2,3,0,1,1,5,3,0,18.0,618
618,2,18,1,2,1,2,1,3,2,0,1,0,4,3,0,15.333333333333334,619
619,2,18,2,1,3,3,1,2,2,0,1,1,4,3,6,12.666666666666666,620
620,2,17,1,1,4,4,1,1,2,0,1,1,2,3,4,14.666666666666666,621
621,2,17,2,1,1,2,2,2,2,0,1,0,3,2,0,13.0,622
622,2,18,2,1,1,3,1,2,2,0,1,0,3,3,0,9.0,623
623,2,18,1,1,4,4,1,2,3,0,1,1,4,2,0,15.666666666666666,624
624,2,17,2,1,1,1,1,3,1,1,1,1,5,2,0,8.333333333333334,625
625,2,18,2,1,2,3,2,2,1,0,1,1,5,2,0,10.0,626
626,2,18,2,1,4,4,2,3,2,0,1,1,3,2,0,4.0,627
627,2,18,1,1,1,2,2,3,1,0,0,1,4,3,3,9.666666666666666,628
628,2,17,2,1,2,2,1,1,3,0,1,0,3,4,8,11.0,629
629,2,17,2,1,1,2,1,1,1,0,1,1,3,5,4,8.0,630
630,2,18,1,1,4,4,1,2,3,0,1,1,5,4,0,16.333333333333332,631
631,2,18,2,1,1,1,1,4,3,0,1,1,4,3,4,11.0,632
632,2,19,2,1,1,1,3,2,2,1,1,1,4,3,4,8.0,633
633,2,18,1,1,4,4,1,1,2,0,1,1,5,4,1,13.666666666666666,634
634,2,18,2,1,3,3,1,1,2,0,1,1,4,1,1,16.0,635
635,2,17,2,1,3,1,1,1,2,0,1,1,4,5,10,8.666666666666666,636
636,2,18,2,1,4,4,2,1,2,0,1,1,3,2,4,18.0,637
637,2,18,2,1,2,1,1,2,1,0,1,1,4,4,0,4.666666666666667,638
638,2,17,2,1,2,3,2,2,2,0,1,1,4,4,4,15.0,639
639,2,19,2,1,1,1,1,2,1,1,1,0,4,3,0,4.333333333333333,640
640,2,18,2,1,4,2,2,2,1,1,1,0,5,4,0,4.666666666666667,641
641,2,18,2,1,2,2,1,2,3,0,1,0,5,3,0,15.333333333333334,642
642,2,17,2,1,4,3,1,2,2,0,1,1,5,5,0,8.666666666666666,643
643,2,18,2,1,4,4,1,3,1,0,1,1,4,4,4,8.666666666666666,644
644,2,19,2,1,2,3,1,1,3,1,1,1,5,4,4,10.333333333333334,645
645,2,18,1,1,3,1,1,1,2,0,1,1,4,3,4,15.333333333333334,646
646,2,18,2,1,1,1,1,2,2,0,1,0,1,1,6,10.666666666666666,647
647,2,17,1,1,3,1,1,2,1,0,1,1,2,4,6,10.0,648
648,2,18,1,1,3,2,1,3,1,0,1,1,4,4,4,10.666666666666666,649
